"","year","month_number","anomaly","month"
"1",1850,1,-0.675,"Jan"
"2",1850,2,-0.333,"Feb"
"3",1850,3,-0.591,"Mar"
"4",1850,4,-0.589,"Apr"
"5",1850,5,-0.508,"May"
"6",1850,6,-0.344,"Jun"
"7",1850,7,-0.16,"Jul"
"8",1850,8,-0.208,"Aug"
"9",1850,9,-0.385,"Sep"
"10",1850,10,-0.533,"Oct"
"11",1850,11,-0.283,"Nov"
"12",1850,12,-0.404,"Dec"
"13",1851,1,-0.201,"Jan"
"14",1851,2,-0.469,"Feb"
"15",1851,3,-0.646,"Mar"
"16",1851,4,-0.542,"Apr"
"17",1851,5,-0.198,"May"
"18",1851,6,-0.137,"Jun"
"19",1851,7,-0.097,"Jul"
"20",1851,8,-0.102,"Aug"
"21",1851,9,-0.091,"Sep"
"22",1851,10,-0.008,"Oct"
"23",1851,11,-0.082,"Nov"
"24",1851,12,-0.228,"Dec"
"25",1852,1,-0.375,"Jan"
"26",1852,2,-0.477,"Feb"
"27",1852,3,-0.56,"Mar"
"28",1852,4,-0.585,"Apr"
"29",1852,5,-0.127,"May"
"30",1852,6,-0.084,"Jun"
"31",1852,7,0.005,"Jul"
"32",1852,8,-0.136,"Aug"
"33",1852,9,-0.002,"Sep"
"34",1852,10,-0.172,"Oct"
"35",1852,11,-0.305,"Nov"
"36",1852,12,0.065,"Dec"
"37",1853,1,-0.233,"Jan"
"38",1853,2,-0.404,"Feb"
"39",1853,3,-0.28,"Mar"
"40",1853,4,-0.386,"Apr"
"41",1853,5,-0.268,"May"
"42",1853,6,-0.142,"Jun"
"43",1853,7,-0.083,"Jul"
"44",1853,8,-0.057,"Aug"
"45",1853,9,-0.25,"Sep"
"46",1853,10,-0.392,"Oct"
"47",1853,11,-0.411,"Nov"
"48",1853,12,-0.337,"Dec"
"49",1854,1,-0.381,"Jan"
"50",1854,2,-0.361,"Feb"
"51",1854,3,-0.243,"Mar"
"52",1854,4,-0.334,"Apr"
"53",1854,5,-0.291,"May"
"54",1854,6,-0.299,"Jun"
"55",1854,7,-0.179,"Jul"
"56",1854,8,-0.239,"Aug"
"57",1854,9,-0.217,"Sep"
"58",1854,10,-0.095,"Oct"
"59",1854,11,-0.41,"Nov"
"60",1854,12,-0.45,"Dec"
"61",1855,1,-0.159,"Jan"
"62",1855,2,-0.313,"Feb"
"63",1855,3,-0.344,"Mar"
"64",1855,4,-0.218,"Apr"
"65",1855,5,-0.388,"May"
"66",1855,6,-0.333,"Jun"
"67",1855,7,-0.333,"Jul"
"68",1855,8,-0.2,"Aug"
"69",1855,9,-0.271,"Sep"
"70",1855,10,-0.195,"Oct"
"71",1855,11,-0.389,"Nov"
"72",1855,12,-0.42,"Dec"
"73",1856,1,-0.076,"Jan"
"74",1856,2,-0.337,"Feb"
"75",1856,3,-0.358,"Mar"
"76",1856,4,-0.316,"Apr"
"77",1856,5,-0.285,"May"
"78",1856,6,-0.214,"Jun"
"79",1856,7,-0.225,"Jul"
"80",1856,8,-0.238,"Aug"
"81",1856,9,-0.388,"Sep"
"82",1856,10,-0.438,"Oct"
"83",1856,11,-0.552,"Nov"
"84",1856,12,-0.418,"Dec"
"85",1857,1,-0.495,"Jan"
"86",1857,2,-0.435,"Feb"
"87",1857,3,-0.479,"Mar"
"88",1857,4,-0.644,"Apr"
"89",1857,5,-0.659,"May"
"90",1857,6,-0.304,"Jun"
"91",1857,7,-0.411,"Jul"
"92",1857,8,-0.369,"Aug"
"93",1857,9,-0.38,"Sep"
"94",1857,10,-0.473,"Oct"
"95",1857,11,-0.685,"Nov"
"96",1857,12,-0.274,"Dec"
"97",1858,1,-0.295,"Jan"
"98",1858,2,-0.477,"Feb"
"99",1858,3,-0.548,"Mar"
"100",1858,4,-0.428,"Apr"
"101",1858,5,-0.532,"May"
"102",1858,6,-0.38,"Jun"
"103",1858,7,-0.336,"Jul"
"104",1858,8,-0.278,"Aug"
"105",1858,9,-0.283,"Sep"
"106",1858,10,-0.289,"Oct"
"107",1858,11,-0.366,"Nov"
"108",1858,12,-0.455,"Dec"
"109",1859,1,-0.381,"Jan"
"110",1859,2,-0.344,"Feb"
"111",1859,3,-0.314,"Mar"
"112",1859,4,-0.157,"Apr"
"113",1859,5,-0.152,"May"
"114",1859,6,-0.25,"Jun"
"115",1859,7,-0.312,"Jul"
"116",1859,8,-0.245,"Aug"
"117",1859,9,-0.394,"Sep"
"118",1859,10,-0.255,"Oct"
"119",1859,11,-0.288,"Nov"
"120",1859,12,-0.284,"Dec"
"121",1860,1,-0.391,"Jan"
"122",1860,2,-0.468,"Feb"
"123",1860,3,-0.786,"Mar"
"124",1860,4,-0.306,"Apr"
"125",1860,5,-0.364,"May"
"126",1860,6,-0.211,"Jun"
"127",1860,7,-0.185,"Jul"
"128",1860,8,-0.114,"Aug"
"129",1860,9,-0.131,"Sep"
"130",1860,10,-0.346,"Oct"
"131",1860,11,-0.605,"Nov"
"132",1860,12,-0.774,"Dec"
"133",1861,1,-0.918,"Jan"
"134",1861,2,-0.625,"Feb"
"135",1861,3,-0.416,"Mar"
"136",1861,4,-0.386,"Apr"
"137",1861,5,-0.661,"May"
"138",1861,6,-0.252,"Jun"
"139",1861,7,-0.298,"Jul"
"140",1861,8,-0.041,"Aug"
"141",1861,9,-0.27,"Sep"
"142",1861,10,-0.477,"Oct"
"143",1861,11,-0.458,"Nov"
"144",1861,12,-0.351,"Dec"
"145",1862,1,-0.825,"Jan"
"146",1862,2,-0.716,"Feb"
"147",1862,3,-0.535,"Mar"
"148",1862,4,-0.522,"Apr"
"149",1862,5,-0.348,"May"
"150",1862,6,-0.307,"Jun"
"151",1862,7,-0.345,"Jul"
"152",1862,8,-0.456,"Aug"
"153",1862,9,-0.362,"Sep"
"154",1862,10,-0.449,"Oct"
"155",1862,11,-0.678,"Nov"
"156",1862,12,-0.895,"Dec"
"157",1863,1,-0.076,"Jan"
"158",1863,2,-0.25,"Feb"
"159",1863,3,-0.355,"Mar"
"160",1863,4,-0.288,"Apr"
"161",1863,5,-0.384,"May"
"162",1863,6,-0.369,"Jun"
"163",1863,7,-0.312,"Jul"
"164",1863,8,-0.297,"Aug"
"165",1863,9,-0.352,"Sep"
"166",1863,10,-0.504,"Oct"
"167",1863,11,-0.441,"Nov"
"168",1863,12,-0.503,"Dec"
"169",1864,1,-0.853,"Jan"
"170",1864,2,-0.593,"Feb"
"171",1864,3,-0.499,"Mar"
"172",1864,4,-0.544,"Apr"
"173",1864,5,-0.323,"May"
"174",1864,6,-0.113,"Jun"
"175",1864,7,-0.26,"Jul"
"176",1864,8,-0.308,"Aug"
"177",1864,9,-0.443,"Sep"
"178",1864,10,-0.603,"Oct"
"179",1864,11,-0.456,"Nov"
"180",1864,12,-0.59,"Dec"
"181",1865,1,-0.176,"Jan"
"182",1865,2,-0.467,"Feb"
"183",1865,3,-0.661,"Mar"
"184",1865,4,-0.448,"Apr"
"185",1865,5,-0.378,"May"
"186",1865,6,-0.196,"Jun"
"187",1865,7,-0.216,"Jul"
"188",1865,8,-0.212,"Aug"
"189",1865,9,-0.171,"Sep"
"190",1865,10,-0.269,"Oct"
"191",1865,11,-0.337,"Nov"
"192",1865,12,-0.461,"Dec"
"193",1866,1,-0.132,"Jan"
"194",1866,2,-0.401,"Feb"
"195",1866,3,-0.682,"Mar"
"196",1866,4,-0.454,"Apr"
"197",1866,5,-0.572,"May"
"198",1866,6,-0.099,"Jun"
"199",1866,7,-0.009,"Jul"
"200",1866,8,-0.249,"Aug"
"201",1866,9,-0.378,"Sep"
"202",1866,10,-0.421,"Oct"
"203",1866,11,-0.298,"Nov"
"204",1866,12,-0.4,"Dec"
"205",1867,1,-0.405,"Jan"
"206",1867,2,-0.354,"Feb"
"207",1867,3,-0.681,"Mar"
"208",1867,4,-0.421,"Apr"
"209",1867,5,-0.574,"May"
"210",1867,6,-0.35,"Jun"
"211",1867,7,-0.253,"Jul"
"212",1867,8,-0.33,"Aug"
"213",1867,9,-0.148,"Sep"
"214",1867,10,-0.125,"Oct"
"215",1867,11,-0.196,"Nov"
"216",1867,12,-0.445,"Dec"
"217",1868,1,-0.685,"Jan"
"218",1868,2,-0.693,"Feb"
"219",1868,3,-0.335,"Mar"
"220",1868,4,-0.363,"Apr"
"221",1868,5,-0.286,"May"
"222",1868,6,-0.298,"Jun"
"223",1868,7,-0.06,"Jul"
"224",1868,8,-0.193,"Aug"
"225",1868,9,-0.345,"Sep"
"226",1868,10,-0.23,"Oct"
"227",1868,11,-0.423,"Nov"
"228",1868,12,-0.314,"Dec"
"229",1869,1,-0.336,"Jan"
"230",1869,2,0.131,"Feb"
"231",1869,3,-0.626,"Mar"
"232",1869,4,-0.406,"Apr"
"233",1869,5,-0.31,"May"
"234",1869,6,-0.385,"Jun"
"235",1869,7,-0.417,"Jul"
"236",1869,8,-0.168,"Aug"
"237",1869,9,-0.172,"Sep"
"238",1869,10,-0.293,"Oct"
"239",1869,11,-0.282,"Nov"
"240",1869,12,-0.537,"Dec"
"241",1870,1,-0.211,"Jan"
"242",1870,2,-0.454,"Feb"
"243",1870,3,-0.498,"Mar"
"244",1870,4,-0.333,"Apr"
"245",1870,5,-0.298,"May"
"246",1870,6,-0.231,"Jun"
"247",1870,7,-0.073,"Jul"
"248",1870,8,-0.258,"Aug"
"249",1870,9,-0.202,"Sep"
"250",1870,10,-0.443,"Oct"
"251",1870,11,-0.266,"Nov"
"252",1870,12,-0.666,"Dec"
"253",1871,1,-0.558,"Jan"
"254",1871,2,-0.672,"Feb"
"255",1871,3,-0.172,"Mar"
"256",1871,4,-0.222,"Apr"
"257",1871,5,-0.362,"May"
"258",1871,6,-0.286,"Jun"
"259",1871,7,-0.082,"Jul"
"260",1871,8,-0.322,"Aug"
"261",1871,9,-0.361,"Sep"
"262",1871,10,-0.373,"Oct"
"263",1871,11,-0.523,"Nov"
"264",1871,12,-0.489,"Dec"
"265",1872,1,-0.599,"Jan"
"266",1872,2,-0.62,"Feb"
"267",1872,3,-0.524,"Mar"
"268",1872,4,-0.385,"Apr"
"269",1872,5,-0.142,"May"
"270",1872,6,-0.279,"Jun"
"271",1872,7,-0.146,"Jul"
"272",1872,8,0.009,"Aug"
"273",1872,9,-0.176,"Sep"
"274",1872,10,-0.204,"Oct"
"275",1872,11,-0.322,"Nov"
"276",1872,12,-0.548,"Dec"
"277",1873,1,-0.262,"Jan"
"278",1873,2,-0.283,"Feb"
"279",1873,3,-0.409,"Mar"
"280",1873,4,-0.481,"Apr"
"281",1873,5,-0.351,"May"
"282",1873,6,-0.321,"Jun"
"283",1873,7,-0.176,"Jul"
"284",1873,8,-0.228,"Aug"
"285",1873,9,-0.405,"Sep"
"286",1873,10,-0.391,"Oct"
"287",1873,11,-0.463,"Nov"
"288",1873,12,-0.328,"Dec"
"289",1874,1,-0.199,"Jan"
"290",1874,2,-0.438,"Feb"
"291",1874,3,-0.673,"Mar"
"292",1874,4,-0.437,"Apr"
"293",1874,5,-0.334,"May"
"294",1874,6,-0.566,"Jun"
"295",1874,7,-0.167,"Jul"
"296",1874,8,-0.296,"Aug"
"297",1874,9,-0.168,"Sep"
"298",1874,10,-0.471,"Oct"
"299",1874,11,-0.418,"Nov"
"300",1874,12,-0.312,"Dec"
"301",1875,1,-0.571,"Jan"
"302",1875,2,-0.479,"Feb"
"303",1875,3,-0.564,"Mar"
"304",1875,4,-0.358,"Apr"
"305",1875,5,-0.273,"May"
"306",1875,6,-0.28,"Jun"
"307",1875,7,-0.182,"Jul"
"308",1875,8,-0.246,"Aug"
"309",1875,9,-0.234,"Sep"
"310",1875,10,-0.233,"Oct"
"311",1875,11,-0.509,"Nov"
"312",1875,12,-0.577,"Dec"
"313",1876,1,-0.514,"Jan"
"314",1876,2,-0.337,"Feb"
"315",1876,3,-0.362,"Mar"
"316",1876,4,-0.424,"Apr"
"317",1876,5,-0.59,"May"
"318",1876,6,-0.352,"Jun"
"319",1876,7,-0.214,"Jul"
"320",1876,8,-0.327,"Aug"
"321",1876,9,-0.418,"Sep"
"322",1876,10,-0.3,"Oct"
"323",1876,11,-0.607,"Nov"
"324",1876,12,-0.643,"Dec"
"325",1877,1,-0.411,"Jan"
"326",1877,2,-0.209,"Feb"
"327",1877,3,-0.091,"Mar"
"328",1877,4,-0.346,"Apr"
"329",1877,5,-0.411,"May"
"330",1877,6,-0.138,"Jun"
"331",1877,7,-0.016,"Jul"
"332",1877,8,0.211,"Aug"
"333",1877,9,0.108,"Sep"
"334",1877,10,0.113,"Oct"
"335",1877,11,0.034,"Nov"
"336",1877,12,-0.056,"Dec"
"337",1878,1,-0.07,"Jan"
"338",1878,2,0.229,"Feb"
"339",1878,3,0.361,"Mar"
"340",1878,4,0.189,"Apr"
"341",1878,5,-0.122,"May"
"342",1878,6,0.01,"Jun"
"343",1878,7,-0.077,"Jul"
"344",1878,8,-0.047,"Aug"
"345",1878,9,0.021,"Sep"
"346",1878,10,-0.165,"Oct"
"347",1878,11,-0.143,"Nov"
"348",1878,12,-0.323,"Dec"
"349",1879,1,-0.238,"Jan"
"350",1879,2,-0.266,"Feb"
"351",1879,3,-0.258,"Mar"
"352",1879,4,-0.382,"Apr"
"353",1879,5,-0.344,"May"
"354",1879,6,-0.283,"Jun"
"355",1879,7,-0.264,"Jul"
"356",1879,8,-0.265,"Aug"
"357",1879,9,-0.236,"Sep"
"358",1879,10,-0.159,"Oct"
"359",1879,11,-0.397,"Nov"
"360",1879,12,-0.55,"Dec"
"361",1880,1,-0.394,"Jan"
"362",1880,2,-0.45,"Feb"
"363",1880,3,-0.194,"Mar"
"364",1880,4,-0.338,"Apr"
"365",1880,5,-0.325,"May"
"366",1880,6,-0.381,"Jun"
"367",1880,7,-0.315,"Jul"
"368",1880,8,-0.107,"Aug"
"369",1880,9,-0.297,"Sep"
"370",1880,10,-0.391,"Oct"
"371",1880,11,-0.281,"Nov"
"372",1880,12,-0.317,"Dec"
"373",1881,1,-0.215,"Jan"
"374",1881,2,-0.225,"Feb"
"375",1881,3,-0.248,"Mar"
"376",1881,4,-0.063,"Apr"
"377",1881,5,-0.122,"May"
"378",1881,6,-0.399,"Jun"
"379",1881,7,-0.194,"Jul"
"380",1881,8,-0.138,"Aug"
"381",1881,9,-0.301,"Sep"
"382",1881,10,-0.231,"Oct"
"383",1881,11,-0.381,"Nov"
"384",1881,12,-0.271,"Dec"
"385",1882,1,-0.025,"Jan"
"386",1882,2,-0.117,"Feb"
"387",1882,3,-0.177,"Mar"
"388",1882,4,-0.315,"Apr"
"389",1882,5,-0.326,"May"
"390",1882,6,-0.392,"Jun"
"391",1882,7,-0.341,"Jul"
"392",1882,8,-0.245,"Aug"
"393",1882,9,-0.15,"Sep"
"394",1882,10,-0.399,"Oct"
"395",1882,11,-0.404,"Nov"
"396",1882,12,-0.655,"Dec"
"397",1883,1,-0.473,"Jan"
"398",1883,2,-0.485,"Feb"
"399",1883,3,-0.266,"Mar"
"400",1883,4,-0.439,"Apr"
"401",1883,5,-0.34,"May"
"402",1883,6,-0.19,"Jun"
"403",1883,7,-0.219,"Jul"
"404",1883,8,-0.288,"Aug"
"405",1883,9,-0.306,"Sep"
"406",1883,10,-0.34,"Oct"
"407",1883,11,-0.396,"Nov"
"408",1883,12,-0.415,"Dec"
"409",1884,1,-0.444,"Jan"
"410",1884,2,-0.333,"Feb"
"411",1884,3,-0.505,"Mar"
"412",1884,4,-0.509,"Apr"
"413",1884,5,-0.566,"May"
"414",1884,6,-0.514,"Jun"
"415",1884,7,-0.566,"Jul"
"416",1884,8,-0.429,"Aug"
"417",1884,9,-0.504,"Sep"
"418",1884,10,-0.463,"Oct"
"419",1884,11,-0.585,"Nov"
"420",1884,12,-0.49,"Dec"
"421",1885,1,-0.656,"Jan"
"422",1885,2,-0.553,"Feb"
"423",1885,3,-0.421,"Mar"
"424",1885,4,-0.635,"Apr"
"425",1885,5,-0.606,"May"
"426",1885,6,-0.637,"Jun"
"427",1885,7,-0.42,"Jul"
"428",1885,8,-0.405,"Aug"
"429",1885,9,-0.357,"Sep"
"430",1885,10,-0.362,"Oct"
"431",1885,11,-0.384,"Nov"
"432",1885,12,-0.218,"Dec"
"433",1886,1,-0.48,"Jan"
"434",1886,2,-0.479,"Feb"
"435",1886,3,-0.487,"Mar"
"436",1886,4,-0.362,"Apr"
"437",1886,5,-0.293,"May"
"438",1886,6,-0.502,"Jun"
"439",1886,7,-0.302,"Jul"
"440",1886,8,-0.457,"Aug"
"441",1886,9,-0.391,"Sep"
"442",1886,10,-0.413,"Oct"
"443",1886,11,-0.491,"Nov"
"444",1886,12,-0.395,"Dec"
"445",1887,1,-0.744,"Jan"
"446",1887,2,-0.659,"Feb"
"447",1887,3,-0.445,"Mar"
"448",1887,4,-0.483,"Apr"
"449",1887,5,-0.529,"May"
"450",1887,6,-0.526,"Jun"
"451",1887,7,-0.389,"Jul"
"452",1887,8,-0.446,"Aug"
"453",1887,9,-0.389,"Sep"
"454",1887,10,-0.445,"Oct"
"455",1887,11,-0.435,"Nov"
"456",1887,12,-0.497,"Dec"
"457",1888,1,-0.618,"Jan"
"458",1888,2,-0.587,"Feb"
"459",1888,3,-0.597,"Mar"
"460",1888,4,-0.352,"Apr"
"461",1888,5,-0.411,"May"
"462",1888,6,-0.322,"Jun"
"463",1888,7,-0.339,"Jul"
"464",1888,8,-0.311,"Aug"
"465",1888,9,-0.325,"Sep"
"466",1888,10,-0.166,"Oct"
"467",1888,11,-0.265,"Nov"
"468",1888,12,-0.259,"Dec"
"469",1889,1,-0.297,"Jan"
"470",1889,2,-0.007,"Feb"
"471",1889,3,-0.087,"Mar"
"472",1889,4,-0.087,"Apr"
"473",1889,5,-0.158,"May"
"474",1889,6,-0.213,"Jun"
"475",1889,7,-0.281,"Jul"
"476",1889,8,-0.307,"Aug"
"477",1889,9,-0.342,"Sep"
"478",1889,10,-0.37,"Oct"
"479",1889,11,-0.506,"Nov"
"480",1889,12,-0.344,"Dec"
"481",1890,1,-0.534,"Jan"
"482",1890,2,-0.465,"Feb"
"483",1890,3,-0.611,"Mar"
"484",1890,4,-0.494,"Apr"
"485",1890,5,-0.536,"May"
"486",1890,6,-0.495,"Jun"
"487",1890,7,-0.489,"Jul"
"488",1890,8,-0.467,"Aug"
"489",1890,9,-0.482,"Sep"
"490",1890,10,-0.439,"Oct"
"491",1890,11,-0.67,"Nov"
"492",1890,12,-0.399,"Dec"
"493",1891,1,-0.58,"Jan"
"494",1891,2,-0.598,"Feb"
"495",1891,3,-0.363,"Mar"
"496",1891,4,-0.448,"Apr"
"497",1891,5,-0.346,"May"
"498",1891,6,-0.375,"Jun"
"499",1891,7,-0.4,"Jul"
"500",1891,8,-0.355,"Aug"
"501",1891,9,-0.257,"Sep"
"502",1891,10,-0.343,"Oct"
"503",1891,11,-0.534,"Nov"
"504",1891,12,-0.218,"Dec"
"505",1892,1,-0.465,"Jan"
"506",1892,2,-0.29,"Feb"
"507",1892,3,-0.533,"Mar"
"508",1892,4,-0.546,"Apr"
"509",1892,5,-0.457,"May"
"510",1892,6,-0.436,"Jun"
"511",1892,7,-0.587,"Jul"
"512",1892,8,-0.508,"Aug"
"513",1892,9,-0.382,"Sep"
"514",1892,10,-0.434,"Oct"
"515",1892,11,-0.661,"Nov"
"516",1892,12,-0.792,"Dec"
"517",1893,1,-1.045,"Jan"
"518",1893,2,-0.845,"Feb"
"519",1893,3,-0.427,"Mar"
"520",1893,4,-0.515,"Apr"
"521",1893,5,-0.572,"May"
"522",1893,6,-0.442,"Jun"
"523",1893,7,-0.244,"Jul"
"524",1893,8,-0.287,"Aug"
"525",1893,9,-0.365,"Sep"
"526",1893,10,-0.304,"Oct"
"527",1893,11,-0.405,"Nov"
"528",1893,12,-0.485,"Dec"
"529",1894,1,-0.628,"Jan"
"530",1894,2,-0.429,"Feb"
"531",1894,3,-0.512,"Mar"
"532",1894,4,-0.537,"Apr"
"533",1894,5,-0.519,"May"
"534",1894,6,-0.584,"Jun"
"535",1894,7,-0.392,"Jul"
"536",1894,8,-0.354,"Aug"
"537",1894,9,-0.44,"Sep"
"538",1894,10,-0.399,"Oct"
"539",1894,11,-0.46,"Nov"
"540",1894,12,-0.552,"Dec"
"541",1895,1,-0.636,"Jan"
"542",1895,2,-0.642,"Feb"
"543",1895,3,-0.618,"Mar"
"544",1895,4,-0.461,"Apr"
"545",1895,5,-0.483,"May"
"546",1895,6,-0.425,"Jun"
"547",1895,7,-0.335,"Jul"
"548",1895,8,-0.377,"Aug"
"549",1895,9,-0.394,"Sep"
"550",1895,10,-0.326,"Oct"
"551",1895,11,-0.321,"Nov"
"552",1895,12,-0.367,"Dec"
"553",1896,1,-0.315,"Jan"
"554",1896,2,-0.337,"Feb"
"555",1896,3,-0.588,"Mar"
"556",1896,4,-0.546,"Apr"
"557",1896,5,-0.356,"May"
"558",1896,6,-0.23,"Jun"
"559",1896,7,-0.182,"Jul"
"560",1896,8,-0.172,"Aug"
"561",1896,9,-0.155,"Sep"
"562",1896,10,-0.118,"Oct"
"563",1896,11,-0.314,"Nov"
"564",1896,12,-0.094,"Dec"
"565",1897,1,-0.3,"Jan"
"566",1897,2,-0.349,"Feb"
"567",1897,3,-0.415,"Mar"
"568",1897,4,-0.118,"Apr"
"569",1897,5,-0.114,"May"
"570",1897,6,-0.163,"Jun"
"571",1897,7,-0.187,"Jul"
"572",1897,8,-0.185,"Aug"
"573",1897,9,-0.186,"Sep"
"574",1897,10,-0.212,"Oct"
"575",1897,11,-0.423,"Nov"
"576",1897,12,-0.465,"Dec"
"577",1898,1,-0.199,"Jan"
"578",1898,2,-0.556,"Feb"
"579",1898,3,-0.843,"Mar"
"580",1898,4,-0.663,"Apr"
"581",1898,5,-0.56,"May"
"582",1898,6,-0.335,"Jun"
"583",1898,7,-0.395,"Jul"
"584",1898,8,-0.389,"Aug"
"585",1898,9,-0.371,"Sep"
"586",1898,10,-0.501,"Oct"
"587",1898,11,-0.529,"Nov"
"588",1898,12,-0.49,"Dec"
"589",1899,1,-0.36,"Jan"
"590",1899,2,-0.554,"Feb"
"591",1899,3,-0.589,"Mar"
"592",1899,4,-0.439,"Apr"
"593",1899,5,-0.359,"May"
"594",1899,6,-0.501,"Jun"
"595",1899,7,-0.366,"Jul"
"596",1899,8,-0.24,"Aug"
"597",1899,9,-0.152,"Sep"
"598",1899,10,-0.183,"Oct"
"599",1899,11,-0.057,"Nov"
"600",1899,12,-0.466,"Dec"
"601",1900,1,-0.507,"Jan"
"602",1900,2,-0.203,"Feb"
"603",1900,3,-0.2,"Mar"
"604",1900,4,-0.224,"Apr"
"605",1900,5,-0.303,"May"
"606",1900,6,-0.217,"Jun"
"607",1900,7,-0.191,"Jul"
"608",1900,8,-0.211,"Aug"
"609",1900,9,-0.196,"Sep"
"610",1900,10,-0.065,"Oct"
"611",1900,11,-0.263,"Nov"
"612",1900,12,-0.236,"Dec"
"613",1901,1,-0.281,"Jan"
"614",1901,2,-0.268,"Feb"
"615",1901,3,-0.201,"Mar"
"616",1901,4,-0.175,"Apr"
"617",1901,5,-0.249,"May"
"618",1901,6,-0.237,"Jun"
"619",1901,7,-0.329,"Jul"
"620",1901,8,-0.205,"Aug"
"621",1901,9,-0.355,"Sep"
"622",1901,10,-0.341,"Oct"
"623",1901,11,-0.396,"Nov"
"624",1901,12,-0.485,"Dec"
"625",1902,1,-0.44,"Jan"
"626",1902,2,-0.232,"Feb"
"627",1902,3,-0.474,"Mar"
"628",1902,4,-0.431,"Apr"
"629",1902,5,-0.43,"May"
"630",1902,6,-0.445,"Jun"
"631",1902,7,-0.389,"Jul"
"632",1902,8,-0.425,"Aug"
"633",1902,9,-0.373,"Sep"
"634",1902,10,-0.501,"Oct"
"635",1902,11,-0.563,"Nov"
"636",1902,12,-0.566,"Dec"
"637",1903,1,-0.434,"Jan"
"638",1903,2,-0.24,"Feb"
"639",1903,3,-0.398,"Mar"
"640",1903,4,-0.588,"Apr"
"641",1903,5,-0.516,"May"
"642",1903,6,-0.548,"Jun"
"643",1903,7,-0.505,"Jul"
"644",1903,8,-0.601,"Aug"
"645",1903,9,-0.56,"Sep"
"646",1903,10,-0.665,"Oct"
"647",1903,11,-0.63,"Nov"
"648",1903,12,-0.714,"Dec"
"649",1904,1,-0.807,"Jan"
"650",1904,2,-0.77,"Feb"
"651",1904,3,-0.696,"Mar"
"652",1904,4,-0.647,"Apr"
"653",1904,5,-0.609,"May"
"654",1904,6,-0.564,"Jun"
"655",1904,7,-0.553,"Jul"
"656",1904,8,-0.478,"Aug"
"657",1904,9,-0.597,"Sep"
"658",1904,10,-0.553,"Oct"
"659",1904,11,-0.397,"Nov"
"660",1904,12,-0.5,"Dec"
"661",1905,1,-0.463,"Jan"
"662",1905,2,-0.72,"Feb"
"663",1905,3,-0.524,"Mar"
"664",1905,4,-0.559,"Apr"
"665",1905,5,-0.434,"May"
"666",1905,6,-0.343,"Jun"
"667",1905,7,-0.373,"Jul"
"668",1905,8,-0.304,"Aug"
"669",1905,9,-0.345,"Sep"
"670",1905,10,-0.335,"Oct"
"671",1905,11,-0.217,"Nov"
"672",1905,12,-0.274,"Dec"
"673",1906,1,-0.297,"Jan"
"674",1906,2,-0.389,"Feb"
"675",1906,3,-0.29,"Mar"
"676",1906,4,-0.104,"Apr"
"677",1906,5,-0.377,"May"
"678",1906,6,-0.233,"Jun"
"679",1906,7,-0.343,"Jul"
"680",1906,8,-0.271,"Aug"
"681",1906,9,-0.353,"Sep"
"682",1906,10,-0.322,"Oct"
"683",1906,11,-0.532,"Nov"
"684",1906,12,-0.321,"Dec"
"685",1907,1,-0.529,"Jan"
"686",1907,2,-0.619,"Feb"
"687",1907,3,-0.438,"Mar"
"688",1907,4,-0.478,"Apr"
"689",1907,5,-0.645,"May"
"690",1907,6,-0.544,"Jun"
"691",1907,7,-0.425,"Jul"
"692",1907,8,-0.491,"Aug"
"693",1907,9,-0.399,"Sep"
"694",1907,10,-0.336,"Oct"
"695",1907,11,-0.556,"Nov"
"696",1907,12,-0.59,"Dec"
"697",1908,1,-0.466,"Jan"
"698",1908,2,-0.414,"Feb"
"699",1908,3,-0.704,"Mar"
"700",1908,4,-0.588,"Apr"
"701",1908,5,-0.453,"May"
"702",1908,6,-0.413,"Jun"
"703",1908,7,-0.401,"Jul"
"704",1908,8,-0.481,"Aug"
"705",1908,9,-0.387,"Sep"
"706",1908,10,-0.575,"Oct"
"707",1908,11,-0.645,"Nov"
"708",1908,12,-0.638,"Dec"
"709",1909,1,-0.763,"Jan"
"710",1909,2,-0.536,"Feb"
"711",1909,3,-0.652,"Mar"
"712",1909,4,-0.633,"Apr"
"713",1909,5,-0.592,"May"
"714",1909,6,-0.5,"Jun"
"715",1909,7,-0.524,"Jul"
"716",1909,8,-0.337,"Aug"
"717",1909,9,-0.416,"Sep"
"718",1909,10,-0.495,"Oct"
"719",1909,11,-0.387,"Nov"
"720",1909,12,-0.596,"Dec"
"721",1910,1,-0.433,"Jan"
"722",1910,2,-0.529,"Feb"
"723",1910,3,-0.619,"Mar"
"724",1910,4,-0.535,"Apr"
"725",1910,5,-0.537,"May"
"726",1910,6,-0.559,"Jun"
"727",1910,7,-0.435,"Jul"
"728",1910,8,-0.389,"Aug"
"729",1910,9,-0.423,"Sep"
"730",1910,10,-0.485,"Oct"
"731",1910,11,-0.672,"Nov"
"732",1910,12,-0.757,"Dec"
"733",1911,1,-0.668,"Jan"
"734",1911,2,-0.706,"Feb"
"735",1911,3,-0.764,"Mar"
"736",1911,4,-0.644,"Apr"
"737",1911,5,-0.627,"May"
"738",1911,6,-0.554,"Jun"
"739",1911,7,-0.493,"Jul"
"740",1911,8,-0.506,"Aug"
"741",1911,9,-0.498,"Sep"
"742",1911,10,-0.345,"Oct"
"743",1911,11,-0.349,"Nov"
"744",1911,12,-0.315,"Dec"
"745",1912,1,-0.329,"Jan"
"746",1912,2,-0.315,"Feb"
"747",1912,3,-0.554,"Mar"
"748",1912,4,-0.338,"Apr"
"749",1912,5,-0.335,"May"
"750",1912,6,-0.285,"Jun"
"751",1912,7,-0.507,"Jul"
"752",1912,8,-0.572,"Aug"
"753",1912,9,-0.644,"Sep"
"754",1912,10,-0.679,"Oct"
"755",1912,11,-0.558,"Nov"
"756",1912,12,-0.591,"Dec"
"757",1913,1,-0.564,"Jan"
"758",1913,2,-0.55,"Feb"
"759",1913,3,-0.606,"Mar"
"760",1913,4,-0.534,"Apr"
"761",1913,5,-0.541,"May"
"762",1913,6,-0.551,"Jun"
"763",1913,7,-0.477,"Jul"
"764",1913,8,-0.396,"Aug"
"765",1913,9,-0.417,"Sep"
"766",1913,10,-0.438,"Oct"
"767",1913,11,-0.368,"Nov"
"768",1913,12,-0.164,"Dec"
"769",1914,1,-0.078,"Jan"
"770",1914,2,-0.27,"Feb"
"771",1914,3,-0.397,"Mar"
"772",1914,4,-0.409,"Apr"
"773",1914,5,-0.308,"May"
"774",1914,6,-0.308,"Jun"
"775",1914,7,-0.297,"Jul"
"776",1914,8,-0.245,"Aug"
"777",1914,9,-0.301,"Sep"
"778",1914,10,-0.11,"Oct"
"779",1914,11,-0.19,"Nov"
"780",1914,12,-0.237,"Dec"
"781",1915,1,-0.287,"Jan"
"782",1915,2,-0.22,"Feb"
"783",1915,3,-0.194,"Mar"
"784",1915,4,-0.083,"Apr"
"785",1915,5,-0.168,"May"
"786",1915,6,-0.172,"Jun"
"787",1915,7,-0.169,"Jul"
"788",1915,8,-0.067,"Aug"
"789",1915,9,-0.12,"Sep"
"790",1915,10,-0.286,"Oct"
"791",1915,11,-0.173,"Nov"
"792",1915,12,-0.362,"Dec"
"793",1916,1,-0.338,"Jan"
"794",1916,2,-0.264,"Feb"
"795",1916,3,-0.439,"Mar"
"796",1916,4,-0.375,"Apr"
"797",1916,5,-0.418,"May"
"798",1916,6,-0.495,"Jun"
"799",1916,7,-0.385,"Jul"
"800",1916,8,-0.297,"Aug"
"801",1916,9,-0.322,"Sep"
"802",1916,10,-0.374,"Oct"
"803",1916,11,-0.514,"Nov"
"804",1916,12,-0.821,"Dec"
"805",1917,1,-0.689,"Jan"
"806",1917,2,-0.716,"Feb"
"807",1917,3,-0.784,"Mar"
"808",1917,4,-0.546,"Apr"
"809",1917,5,-0.644,"May"
"810",1917,6,-0.479,"Jun"
"811",1917,7,-0.245,"Jul"
"812",1917,8,-0.333,"Aug"
"813",1917,9,-0.298,"Sep"
"814",1917,10,-0.536,"Oct"
"815",1917,11,-0.459,"Nov"
"816",1917,12,-0.787,"Dec"
"817",1918,1,-0.518,"Jan"
"818",1918,2,-0.672,"Feb"
"819",1918,3,-0.579,"Mar"
"820",1918,4,-0.623,"Apr"
"821",1918,5,-0.525,"May"
"822",1918,6,-0.387,"Jun"
"823",1918,7,-0.37,"Jul"
"824",1918,8,-0.43,"Aug"
"825",1918,9,-0.258,"Sep"
"826",1918,10,-0.119,"Oct"
"827",1918,11,-0.19,"Nov"
"828",1918,12,-0.424,"Dec"
"829",1919,1,-0.251,"Jan"
"830",1919,2,-0.242,"Feb"
"831",1919,3,-0.392,"Mar"
"832",1919,4,-0.211,"Apr"
"833",1919,5,-0.308,"May"
"834",1919,6,-0.358,"Jun"
"835",1919,7,-0.3,"Jul"
"836",1919,8,-0.238,"Aug"
"837",1919,9,-0.286,"Sep"
"838",1919,10,-0.259,"Oct"
"839",1919,11,-0.558,"Nov"
"840",1919,12,-0.503,"Dec"
"841",1920,1,-0.259,"Jan"
"842",1920,2,-0.546,"Feb"
"843",1920,3,-0.172,"Mar"
"844",1920,4,-0.337,"Apr"
"845",1920,5,-0.256,"May"
"846",1920,6,-0.238,"Jun"
"847",1920,7,-0.3,"Jul"
"848",1920,8,-0.227,"Aug"
"849",1920,9,-0.196,"Sep"
"850",1920,10,-0.218,"Oct"
"851",1920,11,-0.346,"Nov"
"852",1920,12,-0.488,"Dec"
"853",1921,1,-0.218,"Jan"
"854",1921,2,-0.295,"Feb"
"855",1921,3,-0.343,"Mar"
"856",1921,4,-0.291,"Apr"
"857",1921,5,-0.302,"May"
"858",1921,6,-0.154,"Jun"
"859",1921,7,-0.155,"Jul"
"860",1921,8,-0.321,"Aug"
"861",1921,9,-0.207,"Sep"
"862",1921,10,-0.134,"Oct"
"863",1921,11,-0.196,"Nov"
"864",1921,12,-0.271,"Dec"
"865",1922,1,-0.419,"Jan"
"866",1922,2,-0.409,"Feb"
"867",1922,3,-0.344,"Mar"
"868",1922,4,-0.291,"Apr"
"869",1922,5,-0.47,"May"
"870",1922,6,-0.293,"Jun"
"871",1922,7,-0.259,"Jul"
"872",1922,8,-0.356,"Aug"
"873",1922,9,-0.324,"Sep"
"874",1922,10,-0.345,"Oct"
"875",1922,11,-0.255,"Nov"
"876",1922,12,-0.305,"Dec"
"877",1923,1,-0.404,"Jan"
"878",1923,2,-0.494,"Feb"
"879",1923,3,-0.456,"Mar"
"880",1923,4,-0.41,"Apr"
"881",1923,5,-0.404,"May"
"882",1923,6,-0.253,"Jun"
"883",1923,7,-0.42,"Jul"
"884",1923,8,-0.324,"Aug"
"885",1923,9,-0.341,"Sep"
"886",1923,10,-0.176,"Oct"
"887",1923,11,-0.034,"Nov"
"888",1923,12,-0.1,"Dec"
"889",1924,1,-0.327,"Jan"
"890",1924,2,-0.315,"Feb"
"891",1924,3,-0.176,"Mar"
"892",1924,4,-0.342,"Apr"
"893",1924,5,-0.218,"May"
"894",1924,6,-0.276,"Jun"
"895",1924,7,-0.294,"Jul"
"896",1924,8,-0.317,"Aug"
"897",1924,9,-0.331,"Sep"
"898",1924,10,-0.366,"Oct"
"899",1924,11,-0.291,"Nov"
"900",1924,12,-0.492,"Dec"
"901",1925,1,-0.492,"Jan"
"902",1925,2,-0.485,"Feb"
"903",1925,3,-0.374,"Mar"
"904",1925,4,-0.307,"Apr"
"905",1925,5,-0.306,"May"
"906",1925,6,-0.334,"Jun"
"907",1925,7,-0.331,"Jul"
"908",1925,8,-0.168,"Aug"
"909",1925,9,-0.259,"Sep"
"910",1925,10,-0.289,"Oct"
"911",1925,11,-0.059,"Nov"
"912",1925,12,0.014,"Dec"
"913",1926,1,0.083,"Jan"
"914",1926,2,-0.035,"Feb"
"915",1926,3,0.024,"Mar"
"916",1926,4,-0.158,"Apr"
"917",1926,5,-0.27,"May"
"918",1926,6,-0.183,"Jun"
"919",1926,7,-0.208,"Jul"
"920",1926,8,-0.1,"Aug"
"921",1926,9,-0.118,"Sep"
"922",1926,10,-0.07,"Oct"
"923",1926,11,-0.116,"Nov"
"924",1926,12,-0.322,"Dec"
"925",1927,1,-0.311,"Jan"
"926",1927,2,-0.212,"Feb"
"927",1927,3,-0.419,"Mar"
"928",1927,4,-0.315,"Apr"
"929",1927,5,-0.23,"May"
"930",1927,6,-0.248,"Jun"
"931",1927,7,-0.205,"Jul"
"932",1927,8,-0.213,"Aug"
"933",1927,9,-0.12,"Sep"
"934",1927,10,-0.03,"Oct"
"935",1927,11,-0.127,"Nov"
"936",1927,12,-0.324,"Dec"
"937",1928,1,-0.017,"Jan"
"938",1928,2,-0.125,"Feb"
"939",1928,3,-0.32,"Mar"
"940",1928,4,-0.235,"Apr"
"941",1928,5,-0.301,"May"
"942",1928,6,-0.327,"Jun"
"943",1928,7,-0.188,"Jul"
"944",1928,8,-0.179,"Aug"
"945",1928,9,-0.207,"Sep"
"946",1928,10,-0.184,"Oct"
"947",1928,11,-0.172,"Nov"
"948",1928,12,-0.227,"Dec"
"949",1929,1,-0.436,"Jan"
"950",1929,2,-0.604,"Feb"
"951",1929,3,-0.487,"Mar"
"952",1929,4,-0.437,"Apr"
"953",1929,5,-0.435,"May"
"954",1929,6,-0.409,"Jun"
"955",1929,7,-0.44,"Jul"
"956",1929,8,-0.266,"Aug"
"957",1929,9,-0.277,"Sep"
"958",1929,10,-0.221,"Oct"
"959",1929,11,-0.14,"Nov"
"960",1929,12,-0.56,"Dec"
"961",1930,1,-0.363,"Jan"
"962",1930,2,-0.356,"Feb"
"963",1930,3,-0.247,"Mar"
"964",1930,4,-0.231,"Apr"
"965",1930,5,-0.251,"May"
"966",1930,6,-0.204,"Jun"
"967",1930,7,-0.188,"Jul"
"968",1930,8,-0.098,"Aug"
"969",1930,9,-0.092,"Sep"
"970",1930,10,-0.091,"Oct"
"971",1930,11,0.064,"Nov"
"972",1930,12,-0.065,"Dec"
"973",1931,1,-0.137,"Jan"
"974",1931,2,-0.259,"Feb"
"975",1931,3,-0.109,"Mar"
"976",1931,4,-0.171,"Apr"
"977",1931,5,-0.193,"May"
"978",1931,6,-0.025,"Jun"
"979",1931,7,-0.008,"Jul"
"980",1931,8,-0.027,"Aug"
"981",1931,9,-0.052,"Sep"
"982",1931,10,-0.027,"Oct"
"983",1931,11,-0.136,"Nov"
"984",1931,12,-0.097,"Dec"
"985",1932,1,0.08,"Jan"
"986",1932,2,-0.178,"Feb"
"987",1932,3,-0.195,"Mar"
"988",1932,4,-0.061,"Apr"
"989",1932,5,-0.16,"May"
"990",1932,6,-0.255,"Jun"
"991",1932,7,-0.13,"Jul"
"992",1932,8,-0.19,"Aug"
"993",1932,9,-0.001,"Sep"
"994",1932,10,-0.094,"Oct"
"995",1932,11,-0.295,"Nov"
"996",1932,12,-0.267,"Dec"
"997",1933,1,-0.311,"Jan"
"998",1933,2,-0.351,"Feb"
"999",1933,3,-0.385,"Mar"
"1000",1933,4,-0.285,"Apr"
"1001",1933,5,-0.277,"May"
"1002",1933,6,-0.324,"Jun"
"1003",1933,7,-0.29,"Jul"
"1004",1933,8,-0.154,"Aug"
"1005",1933,9,-0.327,"Sep"
"1006",1933,10,-0.246,"Oct"
"1007",1933,11,-0.405,"Nov"
"1008",1933,12,-0.514,"Dec"
"1009",1934,1,-0.323,"Jan"
"1010",1934,2,-0.145,"Feb"
"1011",1934,3,-0.431,"Mar"
"1012",1934,4,-0.372,"Apr"
"1013",1934,5,-0.14,"May"
"1014",1934,6,-0.092,"Jun"
"1015",1934,7,-0.178,"Jul"
"1016",1934,8,-0.114,"Aug"
"1017",1934,9,-0.135,"Sep"
"1018",1934,10,-0.082,"Oct"
"1019",1934,11,0.032,"Nov"
"1020",1934,12,-0.111,"Dec"
"1021",1935,1,-0.348,"Jan"
"1022",1935,2,0.05,"Feb"
"1023",1935,3,-0.214,"Mar"
"1024",1935,4,-0.323,"Apr"
"1025",1935,5,-0.314,"May"
"1026",1935,6,-0.209,"Jun"
"1027",1935,7,-0.141,"Jul"
"1028",1935,8,-0.149,"Aug"
"1029",1935,9,-0.191,"Sep"
"1030",1935,10,-0.055,"Oct"
"1031",1935,11,-0.322,"Nov"
"1032",1935,12,-0.257,"Dec"
"1033",1936,1,-0.398,"Jan"
"1034",1936,2,-0.343,"Feb"
"1035",1936,3,-0.329,"Mar"
"1036",1936,4,-0.188,"Apr"
"1037",1936,5,-0.172,"May"
"1038",1936,6,-0.149,"Jun"
"1039",1936,7,-0.07,"Jul"
"1040",1936,8,-0.073,"Aug"
"1041",1936,9,-0.109,"Sep"
"1042",1936,10,-0.041,"Oct"
"1043",1936,11,-0.054,"Nov"
"1044",1936,12,-0.106,"Dec"
"1045",1937,1,-0.127,"Jan"
"1046",1937,2,0.066,"Feb"
"1047",1937,3,-0.262,"Mar"
"1048",1937,4,-0.121,"Apr"
"1049",1937,5,-0.091,"May"
"1050",1937,6,-0.008,"Jun"
"1051",1937,7,0.02,"Jul"
"1052",1937,8,0.037,"Aug"
"1053",1937,9,0.145,"Sep"
"1054",1937,10,0.128,"Oct"
"1055",1937,11,0.062,"Nov"
"1056",1937,12,-0.078,"Dec"
"1057",1938,1,0.046,"Jan"
"1058",1938,2,-0.01,"Feb"
"1059",1938,3,-0.015,"Mar"
"1060",1938,4,0.04,"Apr"
"1061",1938,5,-0.096,"May"
"1062",1938,6,-0.094,"Jun"
"1063",1938,7,-0.046,"Jul"
"1064",1938,8,-0.003,"Aug"
"1065",1938,9,0.02,"Sep"
"1066",1938,10,0.163,"Oct"
"1067",1938,11,0.055,"Nov"
"1068",1938,12,-0.206,"Dec"
"1069",1939,1,-0.122,"Jan"
"1070",1939,2,-0.118,"Feb"
"1071",1939,3,-0.289,"Mar"
"1072",1939,4,-0.106,"Apr"
"1073",1939,5,-0.03,"May"
"1074",1939,6,0.015,"Jun"
"1075",1939,7,-0.038,"Jul"
"1076",1939,8,-0.041,"Aug"
"1077",1939,9,-0.017,"Sep"
"1078",1939,10,-0.099,"Oct"
"1079",1939,11,0.021,"Nov"
"1080",1939,12,0.334,"Dec"
"1081",1940,1,-0.053,"Jan"
"1082",1940,2,0.086,"Feb"
"1083",1940,3,-0.036,"Mar"
"1084",1940,4,0.149,"Apr"
"1085",1940,5,0.05,"May"
"1086",1940,6,0.045,"Jun"
"1087",1940,7,0.148,"Jul"
"1088",1940,8,0.1,"Aug"
"1089",1940,9,0.131,"Sep"
"1090",1940,10,0.096,"Oct"
"1091",1940,11,-0.005,"Nov"
"1092",1940,12,0.199,"Dec"
"1093",1941,1,-0.04,"Jan"
"1094",1941,2,0.118,"Feb"
"1095",1941,3,-0.117,"Mar"
"1096",1941,4,0.036,"Apr"
"1097",1941,5,0.061,"May"
"1098",1941,6,0.06,"Jun"
"1099",1941,7,0.161,"Jul"
"1100",1941,8,0.04,"Aug"
"1101",1941,9,-0.145,"Sep"
"1102",1941,10,0.214,"Oct"
"1103",1941,11,-0.007,"Nov"
"1104",1941,12,0.075,"Dec"
"1105",1942,1,0.258,"Jan"
"1106",1942,2,0.017,"Feb"
"1107",1942,3,-0.042,"Mar"
"1108",1942,4,-0.015,"Apr"
"1109",1942,5,0.124,"May"
"1110",1942,6,0.03,"Jun"
"1111",1942,7,-0.06,"Jul"
"1112",1942,8,-0.057,"Aug"
"1113",1942,9,-0.013,"Sep"
"1114",1942,10,-0.087,"Oct"
"1115",1942,11,-0.058,"Nov"
"1116",1942,12,-0.08,"Dec"
"1117",1943,1,-0.183,"Jan"
"1118",1943,2,-0.031,"Feb"
"1119",1943,3,-0.168,"Mar"
"1120",1943,4,0.023,"Apr"
"1121",1943,5,0.036,"May"
"1122",1943,6,-0.075,"Jun"
"1123",1943,7,0.018,"Jul"
"1124",1943,8,0.032,"Aug"
"1125",1943,9,-0.013,"Sep"
"1126",1943,10,0.228,"Oct"
"1127",1943,11,0.104,"Nov"
"1128",1943,12,0.106,"Dec"
"1129",1944,1,0.318,"Jan"
"1130",1944,2,0.119,"Feb"
"1131",1944,3,0.12,"Mar"
"1132",1944,4,0.042,"Apr"
"1133",1944,5,0.12,"May"
"1134",1944,6,0.107,"Jun"
"1135",1944,7,0.149,"Jul"
"1136",1944,8,0.207,"Aug"
"1137",1944,9,0.168,"Sep"
"1138",1944,10,0.208,"Oct"
"1139",1944,11,0.088,"Nov"
"1140",1944,12,0.083,"Dec"
"1141",1945,1,0.095,"Jan"
"1142",1945,2,0.048,"Feb"
"1143",1945,3,0.039,"Mar"
"1144",1945,4,0.21,"Apr"
"1145",1945,5,-0.062,"May"
"1146",1945,6,-0.037,"Jun"
"1147",1945,7,0,"Jul"
"1148",1945,8,0.236,"Aug"
"1149",1945,9,0.103,"Sep"
"1150",1945,10,0.094,"Oct"
"1151",1945,11,-0.011,"Nov"
"1152",1945,12,-0.2,"Dec"
"1153",1946,1,0.046,"Jan"
"1154",1946,2,-0.116,"Feb"
"1155",1946,3,-0.122,"Mar"
"1156",1946,4,-0.001,"Apr"
"1157",1946,5,-0.083,"May"
"1158",1946,6,-0.27,"Jun"
"1159",1946,7,-0.109,"Jul"
"1160",1946,8,-0.154,"Aug"
"1161",1946,9,-0.098,"Sep"
"1162",1946,10,-0.068,"Oct"
"1163",1946,11,-0.108,"Nov"
"1164",1946,12,-0.343,"Dec"
"1165",1947,1,-0.151,"Jan"
"1166",1947,2,-0.141,"Feb"
"1167",1947,3,-0.076,"Mar"
"1168",1947,4,-0.055,"Apr"
"1169",1947,5,-0.071,"May"
"1170",1947,6,-0.093,"Jun"
"1171",1947,7,-0.065,"Jul"
"1172",1947,8,-0.113,"Aug"
"1173",1947,9,-0.16,"Sep"
"1174",1947,10,0.034,"Oct"
"1175",1947,11,0.029,"Nov"
"1176",1947,12,-0.233,"Dec"
"1177",1948,1,-0.019,"Jan"
"1178",1948,2,-0.239,"Feb"
"1179",1948,3,-0.283,"Mar"
"1180",1948,4,-0.115,"Apr"
"1181",1948,5,0.058,"May"
"1182",1948,6,-0.008,"Jun"
"1183",1948,7,-0.13,"Jul"
"1184",1948,8,-0.048,"Aug"
"1185",1948,9,-0.134,"Sep"
"1186",1948,10,-0.057,"Oct"
"1187",1948,11,-0.173,"Nov"
"1188",1948,12,-0.349,"Dec"
"1189",1949,1,-0.019,"Jan"
"1190",1949,2,-0.242,"Feb"
"1191",1949,3,-0.11,"Mar"
"1192",1949,4,-0.147,"Apr"
"1193",1949,5,-0.111,"May"
"1194",1949,6,-0.233,"Jun"
"1195",1949,7,-0.18,"Jul"
"1196",1949,8,-0.078,"Aug"
"1197",1949,9,-0.123,"Sep"
"1198",1949,10,-0.09,"Oct"
"1199",1949,11,-0.181,"Nov"
"1200",1949,12,-0.212,"Dec"
"1201",1950,1,-0.3,"Jan"
"1202",1950,2,-0.37,"Feb"
"1203",1950,3,-0.216,"Mar"
"1204",1950,4,-0.244,"Apr"
"1205",1950,5,-0.137,"May"
"1206",1950,6,-0.105,"Jun"
"1207",1950,7,-0.107,"Jul"
"1208",1950,8,-0.153,"Aug"
"1209",1950,9,-0.245,"Sep"
"1210",1950,10,-0.201,"Oct"
"1211",1950,11,-0.381,"Nov"
"1212",1950,12,-0.261,"Dec"
"1213",1951,1,-0.36,"Jan"
"1214",1951,2,-0.509,"Feb"
"1215",1951,3,-0.262,"Mar"
"1216",1951,4,-0.108,"Apr"
"1217",1951,5,0.032,"May"
"1218",1951,6,0.06,"Jun"
"1219",1951,7,0.039,"Jul"
"1220",1951,8,0.121,"Aug"
"1221",1951,9,0.132,"Sep"
"1222",1951,10,0.124,"Oct"
"1223",1951,11,-0.072,"Nov"
"1224",1951,12,0.069,"Dec"
"1225",1952,1,0.094,"Jan"
"1226",1952,2,0.068,"Feb"
"1227",1952,3,-0.164,"Mar"
"1228",1952,4,0.046,"Apr"
"1229",1952,5,0.022,"May"
"1230",1952,6,0.023,"Jun"
"1231",1952,7,0.09,"Jul"
"1232",1952,8,0.097,"Aug"
"1233",1952,9,0.096,"Sep"
"1234",1952,10,-0.017,"Oct"
"1235",1952,11,-0.132,"Nov"
"1236",1952,12,-0.04,"Dec"
"1237",1953,1,-0.009,"Jan"
"1238",1953,2,0.095,"Feb"
"1239",1953,3,0.018,"Mar"
"1240",1953,4,0.225,"Apr"
"1241",1953,5,0.149,"May"
"1242",1953,6,0.14,"Jun"
"1243",1953,7,0.043,"Jul"
"1244",1953,8,0.087,"Aug"
"1245",1953,9,0.086,"Sep"
"1246",1953,10,0.083,"Oct"
"1247",1953,11,-0.006,"Nov"
"1248",1953,12,0.019,"Dec"
"1249",1954,1,-0.243,"Jan"
"1250",1954,2,-0.089,"Feb"
"1251",1954,3,-0.183,"Mar"
"1252",1954,4,-0.115,"Apr"
"1253",1954,5,-0.171,"May"
"1254",1954,6,-0.13,"Jun"
"1255",1954,7,-0.196,"Jul"
"1256",1954,8,-0.102,"Aug"
"1257",1954,9,-0.113,"Sep"
"1258",1954,10,-0.012,"Oct"
"1259",1954,11,0.116,"Nov"
"1260",1954,12,-0.164,"Dec"
"1261",1955,1,0.106,"Jan"
"1262",1955,2,-0.193,"Feb"
"1263",1955,3,-0.396,"Mar"
"1264",1955,4,-0.229,"Apr"
"1265",1955,5,-0.239,"May"
"1266",1955,6,-0.178,"Jun"
"1267",1955,7,-0.208,"Jul"
"1268",1955,8,-0.088,"Aug"
"1269",1955,9,-0.143,"Sep"
"1270",1955,10,-0.113,"Oct"
"1271",1955,11,-0.321,"Nov"
"1272",1955,12,-0.364,"Dec"
"1273",1956,1,-0.24,"Jan"
"1274",1956,2,-0.282,"Feb"
"1275",1956,3,-0.356,"Mar"
"1276",1956,4,-0.306,"Apr"
"1277",1956,5,-0.336,"May"
"1278",1956,6,-0.227,"Jun"
"1279",1956,7,-0.211,"Jul"
"1280",1956,8,-0.29,"Aug"
"1281",1956,9,-0.273,"Sep"
"1282",1956,10,-0.263,"Oct"
"1283",1956,11,-0.215,"Nov"
"1284",1956,12,-0.158,"Dec"
"1285",1957,1,-0.222,"Jan"
"1286",1957,2,-0.159,"Feb"
"1287",1957,3,-0.198,"Mar"
"1288",1957,4,-0.042,"Apr"
"1289",1957,5,0.032,"May"
"1290",1957,6,0.065,"Jun"
"1291",1957,7,-0.063,"Jul"
"1292",1957,8,0.073,"Aug"
"1293",1957,9,0.041,"Sep"
"1294",1957,10,-0.001,"Oct"
"1295",1957,11,-0.004,"Nov"
"1296",1957,12,0.052,"Dec"
"1297",1958,1,0.255,"Jan"
"1298",1958,2,0.093,"Feb"
"1299",1958,3,0.005,"Mar"
"1300",1958,4,-0.07,"Apr"
"1301",1958,5,0.016,"May"
"1302",1958,6,-0.153,"Jun"
"1303",1958,7,-0.02,"Jul"
"1304",1958,8,-0.083,"Aug"
"1305",1958,9,-0.115,"Sep"
"1306",1958,10,-0.019,"Oct"
"1307",1958,11,-0.039,"Nov"
"1308",1958,12,-0.082,"Dec"
"1309",1959,1,0.014,"Jan"
"1310",1959,2,-0.005,"Feb"
"1311",1959,3,0.017,"Mar"
"1312",1959,4,0.026,"Apr"
"1313",1959,5,-0.039,"May"
"1314",1959,6,-0.002,"Jun"
"1315",1959,7,-0.044,"Jul"
"1316",1959,8,-0.041,"Aug"
"1317",1959,9,-0.141,"Sep"
"1318",1959,10,-0.071,"Oct"
"1319",1959,11,-0.186,"Nov"
"1320",1959,12,-0.103,"Dec"
"1321",1960,1,-0.115,"Jan"
"1322",1960,2,0.023,"Feb"
"1323",1960,3,-0.447,"Mar"
"1324",1960,4,-0.262,"Apr"
"1325",1960,5,-0.179,"May"
"1326",1960,6,-0.126,"Jun"
"1327",1960,7,-0.114,"Jul"
"1328",1960,8,-0.006,"Aug"
"1329",1960,9,0.003,"Sep"
"1330",1960,10,-0.031,"Oct"
"1331",1960,11,-0.215,"Nov"
"1332",1960,12,0.084,"Dec"
"1333",1961,1,-0.052,"Jan"
"1334",1961,2,0.091,"Feb"
"1335",1961,3,-0.062,"Mar"
"1336",1961,4,0.061,"Apr"
"1337",1961,5,0.068,"May"
"1338",1961,6,0.088,"Jun"
"1339",1961,7,-0.04,"Jul"
"1340",1961,8,-0.017,"Aug"
"1341",1961,9,-0.03,"Sep"
"1342",1961,10,-0.064,"Oct"
"1343",1961,11,-0.031,"Nov"
"1344",1961,12,-0.252,"Dec"
"1345",1962,1,-0.057,"Jan"
"1346",1962,2,0.012,"Feb"
"1347",1962,3,0.019,"Mar"
"1348",1962,4,-0.026,"Apr"
"1349",1962,5,-0.182,"May"
"1350",1962,6,-0.056,"Jun"
"1351",1962,7,-0.109,"Jul"
"1352",1962,8,-0.11,"Aug"
"1353",1962,9,-0.075,"Sep"
"1354",1962,10,-0.038,"Oct"
"1355",1962,11,-0.021,"Nov"
"1356",1962,12,-0.126,"Dec"
"1357",1963,1,-0.122,"Jan"
"1358",1963,2,0.04,"Feb"
"1359",1963,3,-0.341,"Mar"
"1360",1963,4,-0.179,"Apr"
"1361",1963,5,-0.147,"May"
"1362",1963,6,-0.067,"Jun"
"1363",1963,7,0.06,"Jul"
"1364",1963,8,0.146,"Aug"
"1365",1963,9,0.122,"Sep"
"1366",1963,10,0.064,"Oct"
"1367",1963,11,0.045,"Nov"
"1368",1963,12,-0.063,"Dec"
"1369",1964,1,-0.195,"Jan"
"1370",1964,2,-0.223,"Feb"
"1371",1964,3,-0.383,"Mar"
"1372",1964,4,-0.442,"Apr"
"1373",1964,5,-0.374,"May"
"1374",1964,6,-0.167,"Jun"
"1375",1964,7,-0.201,"Jul"
"1376",1964,8,-0.301,"Aug"
"1377",1964,9,-0.405,"Sep"
"1378",1964,10,-0.311,"Oct"
"1379",1964,11,-0.299,"Nov"
"1380",1964,12,-0.372,"Dec"
"1381",1965,1,-0.162,"Jan"
"1382",1965,2,-0.263,"Feb"
"1383",1965,3,-0.26,"Mar"
"1384",1965,4,-0.299,"Apr"
"1385",1965,5,-0.192,"May"
"1386",1965,6,-0.208,"Jun"
"1387",1965,7,-0.267,"Jul"
"1388",1965,8,-0.162,"Aug"
"1389",1965,9,-0.245,"Sep"
"1390",1965,10,-0.106,"Oct"
"1391",1965,11,-0.144,"Nov"
"1392",1965,12,-0.146,"Dec"
"1393",1966,1,-0.283,"Jan"
"1394",1966,2,-0.168,"Feb"
"1395",1966,3,-0.171,"Mar"
"1396",1966,4,-0.17,"Apr"
"1397",1966,5,-0.218,"May"
"1398",1966,6,-0.105,"Jun"
"1399",1966,7,0.003,"Jul"
"1400",1966,8,-0.102,"Aug"
"1401",1966,9,-0.087,"Sep"
"1402",1966,10,-0.238,"Oct"
"1403",1966,11,-0.108,"Nov"
"1404",1966,12,-0.141,"Dec"
"1405",1967,1,-0.22,"Jan"
"1406",1967,2,-0.328,"Feb"
"1407",1967,3,-0.094,"Mar"
"1408",1967,4,-0.132,"Apr"
"1409",1967,5,0.057,"May"
"1410",1967,6,-0.108,"Jun"
"1411",1967,7,-0.068,"Jul"
"1412",1967,8,-0.099,"Aug"
"1413",1967,9,-0.125,"Sep"
"1414",1967,10,-0.02,"Oct"
"1415",1967,11,-0.12,"Nov"
"1416",1967,12,-0.154,"Dec"
"1417",1968,1,-0.325,"Jan"
"1418",1968,2,-0.268,"Feb"
"1419",1968,3,-0.004,"Mar"
"1420",1968,4,-0.18,"Apr"
"1421",1968,5,-0.226,"May"
"1422",1968,6,-0.152,"Jun"
"1423",1968,7,-0.195,"Jul"
"1424",1968,8,-0.13,"Aug"
"1425",1968,9,-0.226,"Sep"
"1426",1968,10,0.008,"Oct"
"1427",1968,11,-0.135,"Nov"
"1428",1968,12,-0.191,"Dec"
"1429",1969,1,-0.162,"Jan"
"1430",1969,2,-0.197,"Feb"
"1431",1969,3,-0.133,"Mar"
"1432",1969,4,0.049,"Apr"
"1433",1969,5,0.065,"May"
"1434",1969,6,0.006,"Jun"
"1435",1969,7,-0.109,"Jul"
"1436",1969,8,-0.073,"Aug"
"1437",1969,9,-0.013,"Sep"
"1438",1969,10,0.001,"Oct"
"1439",1969,11,0.023,"Nov"
"1440",1969,12,0.167,"Dec"
"1441",1970,1,0.014,"Jan"
"1442",1970,2,0.064,"Feb"
"1443",1970,3,-0.088,"Mar"
"1444",1970,4,-0.079,"Apr"
"1445",1970,5,-0.141,"May"
"1446",1970,6,-0.137,"Jun"
"1447",1970,7,-0.112,"Jul"
"1448",1970,8,-0.199,"Aug"
"1449",1970,9,-0.031,"Sep"
"1450",1970,10,-0.06,"Oct"
"1451",1970,11,-0.058,"Nov"
"1452",1970,12,-0.193,"Dec"
"1453",1971,1,-0.144,"Jan"
"1454",1971,2,-0.273,"Feb"
"1455",1971,3,-0.337,"Mar"
"1456",1971,4,-0.233,"Apr"
"1457",1971,5,-0.198,"May"
"1458",1971,6,-0.255,"Jun"
"1459",1971,7,-0.185,"Jul"
"1460",1971,8,-0.181,"Aug"
"1461",1971,9,-0.126,"Sep"
"1462",1971,10,-0.156,"Oct"
"1463",1971,11,-0.153,"Nov"
"1464",1971,12,-0.231,"Dec"
"1465",1972,1,-0.379,"Jan"
"1466",1972,2,-0.278,"Feb"
"1467",1972,3,-0.143,"Mar"
"1468",1972,4,-0.128,"Apr"
"1469",1972,5,-0.082,"May"
"1470",1972,6,-0.032,"Jun"
"1471",1972,7,-0.093,"Jul"
"1472",1972,8,0.061,"Aug"
"1473",1972,9,-0.052,"Sep"
"1474",1972,10,-0.057,"Oct"
"1475",1972,11,-0.052,"Nov"
"1476",1972,12,0.109,"Dec"
"1477",1973,1,0.101,"Jan"
"1478",1973,2,0.159,"Feb"
"1479",1973,3,0.115,"Mar"
"1480",1973,4,0.199,"Apr"
"1481",1973,5,0.108,"May"
"1482",1973,6,0.106,"Jun"
"1483",1973,7,0.016,"Jul"
"1484",1973,8,-0.028,"Aug"
"1485",1973,9,-0.035,"Sep"
"1486",1973,10,0.011,"Oct"
"1487",1973,11,-0.025,"Nov"
"1488",1973,12,-0.128,"Dec"
"1489",1974,1,-0.282,"Jan"
"1490",1974,2,-0.447,"Feb"
"1491",1974,3,-0.237,"Mar"
"1492",1974,4,-0.202,"Apr"
"1493",1974,5,-0.127,"May"
"1494",1974,6,-0.115,"Jun"
"1495",1974,7,-0.136,"Jul"
"1496",1974,8,0.023,"Aug"
"1497",1974,9,-0.093,"Sep"
"1498",1974,10,-0.115,"Oct"
"1499",1974,11,-0.126,"Nov"
"1500",1974,12,-0.214,"Dec"
"1501",1975,1,-0.097,"Jan"
"1502",1975,2,-0.021,"Feb"
"1503",1975,3,-0.011,"Mar"
"1504",1975,4,-0.052,"Apr"
"1505",1975,5,0.053,"May"
"1506",1975,6,-0.061,"Jun"
"1507",1975,7,-0.105,"Jul"
"1508",1975,8,-0.232,"Aug"
"1509",1975,9,-0.14,"Sep"
"1510",1975,10,-0.154,"Oct"
"1511",1975,11,-0.264,"Nov"
"1512",1975,12,-0.247,"Dec"
"1513",1976,1,-0.17,"Jan"
"1514",1976,2,-0.232,"Feb"
"1515",1976,3,-0.337,"Mar"
"1516",1976,4,-0.186,"Apr"
"1517",1976,5,-0.359,"May"
"1518",1976,6,-0.24,"Jun"
"1519",1976,7,-0.173,"Jul"
"1520",1976,8,-0.242,"Aug"
"1521",1976,9,-0.151,"Sep"
"1522",1976,10,-0.332,"Oct"
"1523",1976,11,-0.139,"Nov"
"1524",1976,12,-0.029,"Dec"
"1525",1977,1,0.153,"Jan"
"1526",1977,2,0.104,"Feb"
"1527",1977,3,0.075,"Mar"
"1528",1977,4,0.134,"Apr"
"1529",1977,5,0.228,"May"
"1530",1977,6,0.208,"Jun"
"1531",1977,7,0.143,"Jul"
"1532",1977,8,0.13,"Aug"
"1533",1977,9,-0.002,"Sep"
"1534",1977,10,-0.016,"Oct"
"1535",1977,11,0.121,"Nov"
"1536",1977,12,-0.04,"Dec"
"1537",1978,1,0.037,"Jan"
"1538",1978,2,0.074,"Feb"
"1539",1978,3,0.059,"Mar"
"1540",1978,4,0.053,"Apr"
"1541",1978,5,0.012,"May"
"1542",1978,6,-0.055,"Jun"
"1543",1978,7,0.016,"Jul"
"1544",1978,8,-0.217,"Aug"
"1545",1978,9,0.042,"Sep"
"1546",1978,10,-0.06,"Oct"
"1547",1978,11,0.092,"Nov"
"1548",1978,12,0.01,"Dec"
"1549",1979,1,0.052,"Jan"
"1550",1979,2,-0.18,"Feb"
"1551",1979,3,0.067,"Mar"
"1552",1979,4,0.077,"Apr"
"1553",1979,5,-0.022,"May"
"1554",1979,6,0.05,"Jun"
"1555",1979,7,0.018,"Jul"
"1556",1979,8,0.115,"Aug"
"1557",1979,9,0.173,"Sep"
"1558",1979,10,0.147,"Oct"
"1559",1979,11,0.208,"Nov"
"1560",1979,12,0.386,"Dec"
"1561",1980,1,0.253,"Jan"
"1562",1980,2,0.361,"Feb"
"1563",1980,3,0.217,"Mar"
"1564",1980,4,0.234,"Apr"
"1565",1980,5,0.246,"May"
"1566",1980,6,0.132,"Jun"
"1567",1980,7,0.206,"Jul"
"1568",1980,8,0.164,"Aug"
"1569",1980,9,0.124,"Sep"
"1570",1980,10,0.097,"Oct"
"1571",1980,11,0.206,"Nov"
"1572",1980,12,0.114,"Dec"
"1573",1981,1,0.444,"Jan"
"1574",1981,2,0.337,"Feb"
"1575",1981,3,0.331,"Mar"
"1576",1981,4,0.199,"Apr"
"1577",1981,5,0.148,"May"
"1578",1981,6,0.245,"Jun"
"1579",1981,7,0.264,"Jul"
"1580",1981,8,0.312,"Aug"
"1581",1981,9,0.137,"Sep"
"1582",1981,10,0.055,"Oct"
"1583",1981,11,0.166,"Nov"
"1584",1981,12,0.363,"Dec"
"1585",1982,1,-0.024,"Jan"
"1586",1982,2,0.068,"Feb"
"1587",1982,3,-0.137,"Mar"
"1588",1982,4,0.02,"Apr"
"1589",1982,5,0.091,"May"
"1590",1982,6,-0.001,"Jun"
"1591",1982,7,0.076,"Jul"
"1592",1982,8,-0.046,"Aug"
"1593",1982,9,0.017,"Sep"
"1594",1982,10,0.041,"Oct"
"1595",1982,11,0.029,"Nov"
"1596",1982,12,0.277,"Dec"
"1597",1983,1,0.358,"Jan"
"1598",1983,2,0.336,"Feb"
"1599",1983,3,0.248,"Mar"
"1600",1983,4,0.175,"Apr"
"1601",1983,5,0.222,"May"
"1602",1983,6,0.167,"Jun"
"1603",1983,7,0.115,"Jul"
"1604",1983,8,0.284,"Aug"
"1605",1983,9,0.326,"Sep"
"1606",1983,10,0.113,"Oct"
"1607",1983,11,0.245,"Nov"
"1608",1983,12,0.096,"Dec"
"1609",1984,1,0.158,"Jan"
"1610",1984,2,0.02,"Feb"
"1611",1984,3,0.144,"Mar"
"1612",1984,4,0.01,"Apr"
"1613",1984,5,0.214,"May"
"1614",1984,6,-0.039,"Jun"
"1615",1984,7,0.025,"Jul"
"1616",1984,8,0.089,"Aug"
"1617",1984,9,0.127,"Sep"
"1618",1984,10,0.041,"Oct"
"1619",1984,11,-0.058,"Nov"
"1620",1984,12,-0.156,"Dec"
"1621",1985,1,0.116,"Jan"
"1622",1985,2,-0.104,"Feb"
"1623",1985,3,0.043,"Mar"
"1624",1985,4,0.003,"Apr"
"1625",1985,5,0.068,"May"
"1626",1985,6,0.121,"Jun"
"1627",1985,7,-0.023,"Jul"
"1628",1985,8,0.143,"Aug"
"1629",1985,9,0.118,"Sep"
"1630",1985,10,0.039,"Oct"
"1631",1985,11,0.018,"Nov"
"1632",1985,12,0.055,"Dec"
"1633",1986,1,0.117,"Jan"
"1634",1986,2,0.309,"Feb"
"1635",1986,3,0.138,"Mar"
"1636",1986,4,0.135,"Apr"
"1637",1986,5,0.131,"May"
"1638",1986,6,0.04,"Jun"
"1639",1986,7,0.043,"Jul"
"1640",1986,8,0.088,"Aug"
"1641",1986,9,0.024,"Sep"
"1642",1986,10,0.051,"Oct"
"1643",1986,11,0.04,"Nov"
"1644",1986,12,0.032,"Dec"
"1645",1987,1,0.22,"Jan"
"1646",1987,2,0.316,"Feb"
"1647",1987,3,0.104,"Mar"
"1648",1987,4,0.189,"Apr"
"1649",1987,5,0.169,"May"
"1650",1987,6,0.266,"Jun"
"1651",1987,7,0.348,"Jul"
"1652",1987,8,0.211,"Aug"
"1653",1987,9,0.266,"Sep"
"1654",1987,10,0.27,"Oct"
"1655",1987,11,0.186,"Nov"
"1656",1987,12,0.372,"Dec"
"1657",1988,1,0.459,"Jan"
"1658",1988,2,0.333,"Feb"
"1659",1988,3,0.385,"Mar"
"1660",1988,4,0.328,"Apr"
"1661",1988,5,0.319,"May"
"1662",1988,6,0.33,"Jun"
"1663",1988,7,0.256,"Jul"
"1664",1988,8,0.258,"Aug"
"1665",1988,9,0.258,"Sep"
"1666",1988,10,0.255,"Oct"
"1667",1988,11,0.029,"Nov"
"1668",1988,12,0.176,"Dec"
"1669",1989,1,-0.026,"Jan"
"1670",1989,2,0.237,"Feb"
"1671",1989,3,0.185,"Mar"
"1672",1989,4,0.15,"Apr"
"1673",1989,5,0.038,"May"
"1674",1989,6,0.094,"Jun"
"1675",1989,7,0.264,"Jul"
"1676",1989,8,0.252,"Aug"
"1677",1989,9,0.298,"Sep"
"1678",1989,10,0.26,"Oct"
"1679",1989,11,0.115,"Nov"
"1680",1989,12,0.284,"Dec"
"1681",1990,1,0.283,"Jan"
"1682",1990,2,0.279,"Feb"
"1683",1990,3,0.635,"Mar"
"1684",1990,4,0.494,"Apr"
"1685",1990,5,0.406,"May"
"1686",1990,6,0.315,"Jun"
"1687",1990,7,0.38,"Jul"
"1688",1990,8,0.281,"Aug"
"1689",1990,9,0.22,"Sep"
"1690",1990,10,0.386,"Oct"
"1691",1990,11,0.359,"Nov"
"1692",1990,12,0.289,"Dec"
"1693",1991,1,0.303,"Jan"
"1694",1991,2,0.407,"Feb"
"1695",1991,3,0.247,"Mar"
"1696",1991,4,0.436,"Apr"
"1697",1991,5,0.314,"May"
"1698",1991,6,0.433,"Jun"
"1699",1991,7,0.467,"Jul"
"1700",1991,8,0.362,"Aug"
"1701",1991,9,0.353,"Sep"
"1702",1991,10,0.251,"Oct"
"1703",1991,11,0.254,"Nov"
"1704",1991,12,0.238,"Dec"
"1705",1992,1,0.363,"Jan"
"1706",1992,2,0.348,"Feb"
"1707",1992,3,0.309,"Mar"
"1708",1992,4,0.162,"Apr"
"1709",1992,5,0.168,"May"
"1710",1992,6,0.156,"Jun"
"1711",1992,7,0.005,"Jul"
"1712",1992,8,0.038,"Aug"
"1713",1992,9,-0.09,"Sep"
"1714",1992,10,-0.023,"Oct"
"1715",1992,11,-0.037,"Nov"
"1716",1992,12,0.099,"Dec"
"1717",1993,1,0.261,"Jan"
"1718",1993,2,0.283,"Feb"
"1719",1993,3,0.236,"Mar"
"1720",1993,4,0.195,"Apr"
"1721",1993,5,0.195,"May"
"1722",1993,6,0.164,"Jun"
"1723",1993,7,0.159,"Jul"
"1724",1993,8,0.084,"Aug"
"1725",1993,9,0.046,"Sep"
"1726",1993,10,0.151,"Oct"
"1727",1993,11,0.066,"Nov"
"1728",1993,12,0.148,"Dec"
"1729",1994,1,0.2,"Jan"
"1730",1994,2,0.014,"Feb"
"1731",1994,3,0.235,"Mar"
"1732",1994,4,0.256,"Apr"
"1733",1994,5,0.208,"May"
"1734",1994,6,0.314,"Jun"
"1735",1994,7,0.182,"Jul"
"1736",1994,8,0.173,"Aug"
"1737",1994,9,0.272,"Sep"
"1738",1994,10,0.347,"Oct"
"1739",1994,11,0.353,"Nov"
"1740",1994,12,0.247,"Dec"
"1741",1995,1,0.414,"Jan"
"1742",1995,2,0.64,"Feb"
"1743",1995,3,0.356,"Mar"
"1744",1995,4,0.427,"Apr"
"1745",1995,5,0.265,"May"
"1746",1995,6,0.378,"Jun"
"1747",1995,7,0.442,"Jul"
"1748",1995,8,0.392,"Aug"
"1749",1995,9,0.28,"Sep"
"1750",1995,10,0.379,"Oct"
"1751",1995,11,0.375,"Nov"
"1752",1995,12,0.174,"Dec"
"1753",1996,1,0.216,"Jan"
"1754",1996,2,0.462,"Feb"
"1755",1996,3,0.288,"Mar"
"1756",1996,4,0.252,"Apr"
"1757",1996,5,0.237,"May"
"1758",1996,6,0.217,"Jun"
"1759",1996,7,0.325,"Jul"
"1760",1996,8,0.351,"Aug"
"1761",1996,9,0.205,"Sep"
"1762",1996,10,0.128,"Oct"
"1763",1996,11,0.316,"Nov"
"1764",1996,12,0.323,"Dec"
"1765",1997,1,0.249,"Jan"
"1766",1997,2,0.304,"Feb"
"1767",1997,3,0.397,"Mar"
"1768",1997,4,0.378,"Apr"
"1769",1997,5,0.317,"May"
"1770",1997,6,0.492,"Jun"
"1771",1997,7,0.346,"Jul"
"1772",1997,8,0.406,"Aug"
"1773",1997,9,0.467,"Sep"
"1774",1997,10,0.572,"Oct"
"1775",1997,11,0.616,"Nov"
"1776",1997,12,0.524,"Dec"
"1777",1998,1,0.563,"Jan"
"1778",1998,2,0.797,"Feb"
"1779",1998,3,0.589,"Mar"
"1780",1998,4,0.651,"Apr"
"1781",1998,5,0.639,"May"
"1782",1998,6,0.668,"Jun"
"1783",1998,7,0.659,"Jul"
"1784",1998,8,0.645,"Aug"
"1785",1998,9,0.435,"Sep"
"1786",1998,10,0.411,"Oct"
"1787",1998,11,0.382,"Nov"
"1788",1998,12,0.488,"Dec"
"1789",1999,1,0.387,"Jan"
"1790",1999,2,0.604,"Feb"
"1791",1999,3,0.264,"Mar"
"1792",1999,4,0.269,"Apr"
"1793",1999,5,0.248,"May"
"1794",1999,6,0.325,"Jun"
"1795",1999,7,0.31,"Jul"
"1796",1999,8,0.303,"Aug"
"1797",1999,9,0.276,"Sep"
"1798",1999,10,0.307,"Oct"
"1799",1999,11,0.287,"Nov"
"1800",1999,12,0.314,"Dec"
"1801",2000,1,0.181,"Jan"
"1802",2000,2,0.499,"Feb"
"1803",2000,3,0.445,"Mar"
"1804",2000,4,0.538,"Apr"
"1805",2000,5,0.306,"May"
"1806",2000,6,0.35,"Jun"
"1807",2000,7,0.326,"Jul"
"1808",2000,8,0.375,"Aug"
"1809",2000,9,0.311,"Sep"
"1810",2000,10,0.195,"Oct"
"1811",2000,11,0.245,"Nov"
"1812",2000,12,0.202,"Dec"
"1813",2001,1,0.364,"Jan"
"1814",2001,2,0.392,"Feb"
"1815",2001,3,0.52,"Mar"
"1816",2001,4,0.453,"Apr"
"1817",2001,5,0.489,"May"
"1818",2001,6,0.446,"Jun"
"1819",2001,7,0.509,"Jul"
"1820",2001,8,0.507,"Aug"
"1821",2001,9,0.493,"Sep"
"1822",2001,10,0.464,"Oct"
"1823",2001,11,0.692,"Nov"
"1824",2001,12,0.542,"Dec"
"1825",2002,1,0.647,"Jan"
"1826",2002,2,0.643,"Feb"
"1827",2002,3,0.799,"Mar"
"1828",2002,4,0.568,"Apr"
"1829",2002,5,0.503,"May"
"1830",2002,6,0.449,"Jun"
"1831",2002,7,0.569,"Jul"
"1832",2002,8,0.498,"Aug"
"1833",2002,9,0.502,"Sep"
"1834",2002,10,0.5,"Oct"
"1835",2002,11,0.494,"Nov"
"1836",2002,12,0.347,"Dec"
"1837",2003,1,0.654,"Jan"
"1838",2003,2,0.486,"Feb"
"1839",2003,3,0.484,"Mar"
"1840",2003,4,0.473,"Apr"
"1841",2003,5,0.522,"May"
"1842",2003,6,0.425,"Jun"
"1843",2003,7,0.484,"Jul"
"1844",2003,8,0.612,"Aug"
"1845",2003,9,0.575,"Sep"
"1846",2003,10,0.657,"Oct"
"1847",2003,11,0.499,"Nov"
"1848",2003,12,0.66,"Dec"
"1849",2004,1,0.509,"Jan"
"1850",2004,2,0.635,"Feb"
"1851",2004,3,0.528,"Mar"
"1852",2004,4,0.523,"Apr"
"1853",2004,5,0.351,"May"
"1854",2004,6,0.311,"Jun"
"1855",2004,7,0.237,"Jul"
"1856",2004,8,0.458,"Aug"
"1857",2004,9,0.467,"Sep"
"1858",2004,10,0.523,"Oct"
"1859",2004,11,0.651,"Nov"
"1860",2004,12,0.415,"Dec"
"1861",2005,1,0.65,"Jan"
"1862",2005,2,0.534,"Feb"
"1863",2005,3,0.646,"Mar"
"1864",2005,4,0.632,"Apr"
"1865",2005,5,0.553,"May"
"1866",2005,6,0.569,"Jun"
"1867",2005,7,0.555,"Jul"
"1868",2005,8,0.581,"Aug"
"1869",2005,9,0.634,"Sep"
"1870",2005,10,0.684,"Oct"
"1871",2005,11,0.643,"Nov"
"1872",2005,12,0.601,"Dec"
"1873",2006,1,0.5,"Jan"
"1874",2006,2,0.646,"Feb"
"1875",2006,3,0.544,"Mar"
"1876",2006,4,0.486,"Apr"
"1877",2006,5,0.472,"May"
"1878",2006,6,0.572,"Jun"
"1879",2006,7,0.476,"Jul"
"1880",2006,8,0.633,"Aug"
"1881",2006,9,0.55,"Sep"
"1882",2006,10,0.614,"Oct"
"1883",2006,11,0.661,"Nov"
"1884",2006,12,0.717,"Dec"
"1885",2007,1,0.893,"Jan"
"1886",2007,2,0.64,"Feb"
"1887",2007,3,0.592,"Mar"
"1888",2007,4,0.726,"Apr"
"1889",2007,5,0.58,"May"
"1890",2007,6,0.501,"Jun"
"1891",2007,7,0.563,"Jul"
"1892",2007,8,0.584,"Aug"
"1893",2007,9,0.508,"Sep"
"1894",2007,10,0.559,"Oct"
"1895",2007,11,0.536,"Nov"
"1896",2007,12,0.419,"Dec"
"1897",2008,1,0.21,"Jan"
"1898",2008,2,0.269,"Feb"
"1899",2008,3,0.614,"Mar"
"1900",2008,4,0.448,"Apr"
"1901",2008,5,0.432,"May"
"1902",2008,6,0.384,"Jun"
"1903",2008,7,0.534,"Jul"
"1904",2008,8,0.453,"Aug"
"1905",2008,9,0.548,"Sep"
"1906",2008,10,0.591,"Oct"
"1907",2008,11,0.632,"Nov"
"1908",2008,12,0.472,"Dec"
"1909",2009,1,0.59,"Jan"
"1910",2009,2,0.471,"Feb"
"1911",2009,3,0.447,"Mar"
"1912",2009,4,0.528,"Apr"
"1913",2009,5,0.55,"May"
"1914",2009,6,0.623,"Jun"
"1915",2009,7,0.681,"Jul"
"1916",2009,8,0.622,"Aug"
"1917",2009,9,0.682,"Sep"
"1918",2009,10,0.62,"Oct"
"1919",2009,11,0.706,"Nov"
"1920",2009,12,0.64,"Dec"
"1921",2010,1,0.711,"Jan"
"1922",2010,2,0.79,"Feb"
"1923",2010,3,0.86,"Mar"
"1924",2010,4,0.834,"Apr"
"1925",2010,5,0.715,"May"
"1926",2010,6,0.645,"Jun"
"1927",2010,7,0.617,"Jul"
"1928",2010,8,0.615,"Aug"
"1929",2010,9,0.564,"Sep"
"1930",2010,10,0.642,"Oct"
"1931",2010,11,0.735,"Nov"
"1932",2010,12,0.437,"Dec"
"1933",2011,1,0.457,"Jan"
"1934",2011,2,0.429,"Feb"
"1935",2011,3,0.556,"Mar"
"1936",2011,4,0.602,"Apr"
"1937",2011,5,0.443,"May"
"1938",2011,6,0.548,"Jun"
"1939",2011,7,0.645,"Jul"
"1940",2011,8,0.651,"Aug"
"1941",2011,9,0.538,"Sep"
"1942",2011,10,0.576,"Oct"
"1943",2011,11,0.511,"Nov"
"1944",2011,12,0.495,"Dec"
"1945",2012,1,0.37,"Jan"
"1946",2012,2,0.465,"Feb"
"1947",2012,3,0.421,"Mar"
"1948",2012,4,0.61,"Apr"
"1949",2012,5,0.659,"May"
"1950",2012,6,0.629,"Jun"
"1951",2012,7,0.568,"Jul"
"1952",2012,8,0.645,"Aug"
"1953",2012,9,0.648,"Sep"
"1954",2012,10,0.732,"Oct"
"1955",2012,11,0.721,"Nov"
"1956",2012,12,0.464,"Dec"
"1957",2013,1,0.608,"Jan"
"1958",2013,2,0.527,"Feb"
"1959",2013,3,0.583,"Mar"
"1960",2013,4,0.575,"Apr"
"1961",2013,5,0.557,"May"
"1962",2013,6,0.659,"Jun"
"1963",2013,7,0.589,"Jul"
"1964",2013,8,0.635,"Aug"
"1965",2013,9,0.722,"Sep"
"1966",2013,10,0.65,"Oct"
"1967",2013,11,0.77,"Nov"
"1968",2013,12,0.608,"Dec"
"1969",2014,1,0.67,"Jan"
"1970",2014,2,0.491,"Feb"
"1971",2014,3,0.695,"Mar"
"1972",2014,4,0.736,"Apr"
"1973",2014,5,0.737,"May"
"1974",2014,6,0.617,"Jun"
"1975",2014,7,0.581,"Jul"
"1976",2014,8,0.734,"Aug"
"1977",2014,9,0.757,"Sep"
"1978",2014,10,0.742,"Oct"
"1979",2014,11,0.63,"Nov"
"1980",2014,12,0.685,"Dec"
"1981",2015,1,0.74,"Jan"
"1982",2015,2,0.782,"Feb"
"1983",2015,3,0.795,"Mar"
"1984",2015,4,0.701,"Apr"
"1985",2015,5,0.731,"May"
"1986",2015,6,0.76,"Jun"
"1987",2015,7,0.715,"Jul"
"1988",2015,8,0.799,"Aug"
"1989",2015,9,0.826,"Sep"
"1990",2015,10,1.015,"Oct"
"1991",2015,11,0.996,"Nov"
"1992",2015,12,1.042,"Dec"
"1993",2016,1,1.088,"Jan"
"1994",2016,2,1.224,"Feb"
"1995",2016,3,1.182,"Mar"
"1996",2016,4,1.03,"Apr"
"1997",2016,5,0.88,"May"
"1998",2016,6,0.777,"Jun"
"1999",2016,7,0.778,"Jul"
"2000",2016,8,0.949,"Aug"
"2001",2016,9,0.846,"Sep"
"2002",2016,10,0.819,"Oct"
"2003",2016,11,0.844,"Nov"
"2004",2016,12,0.779,"Dec"
"2005",2017,1,0.952,"Jan"
"2006",2017,2,1.067,"Feb"
"2007",2017,3,1.065,"Mar"
"2008",2017,4,0.846,"Apr"
"2009",2017,5,0.78,"May"
"2010",2017,6,0.658,"Jun"
"2011",2017,7,0.805,"Jul"
"2012",2017,8,0.811,"Aug"
"2013",2017,9,0.729,"Sep"
"2014",2017,10,0.809,"Oct"
"2015",2017,11,0.806,"Nov"
"2016",2017,12,0.815,"Dec"
"2017",2018,1,0.711,"Jan"
"2018",2018,2,0.796,"Feb"
"2019",2018,3,0.79,"Mar"
"2020",2018,4,0.822,"Apr"
"2021",2018,5,0.713,"May"
"2022",2018,6,0.738,"Jun"
"2023",2018,7,0.733,"Jul"
"2024",2018,8,0.735,"Aug"
"2025",2018,9,0.676,"Sep"
"2026",2018,10,0.869,"Oct"
"2027",2018,11,0.745,"Nov"
"2028",2018,12,0.824,"Dec"
"2029",2019,1,0.8,"Jan"
"2030",2019,2,0.844,"Feb"
"2031",2019,3,1.076,"Mar"
"2032",2019,4,0.939,"Apr"
"2033",2019,5,0.778,"May"
"2034",2019,6,0.809,"Jun"
"2035",2019,7,0.857,"Jul"
"2036",2019,8,0.858,"Aug"
"2037",2019,9,0.803,"Sep"
"2038",2019,10,0.956,"Oct"
"2039",2019,11,0.937,"Nov"
"2040",2019,12,1.037,"Dec"
"2041",2020,1,1.069,"Jan"
"2042",2020,2,1.113,"Feb"
"2043",2020,3,1.094,"Mar"
"2044",2020,4,1.063,"Apr"
"2045",2020,5,0.908,"May"
"2046",2020,6,0.825,"Jun"
"2047",2020,7,0.816,"Jul"
"2048",2020,8,0.801,"Aug"
"2049",2020,9,0.867,"Sep"
"2050",2020,10,0.811,"Oct"
"2051",2020,11,1.013,"Nov"
"2052",2020,12,0.693,"Dec"
"2053",2021,1,0.701,"Jan"
"2054",2021,2,0.565,"Feb"
"2055",2021,3,0.726,"Mar"
"2056",2021,4,0.76,"Apr"
"2057",2021,5,0.706,"May"
"2058",2021,6,0.712,"Jun"
"2059",2021,7,NA,"Jul"
"2060",2021,8,NA,"Aug"
"2061",2021,9,NA,"Sep"
"2062",2021,10,NA,"Oct"
"2063",2021,11,NA,"Nov"
"2064",2021,12,NA,"Dec"
