date,location,location_type,cases_total,deaths_total,days_since_10_deaths
2020-03-30,Alabama,state,947,11,1
2020-03-31,Alabama,state,999,13,2
2020-04-01,Alabama,state,1106,28,3
2020-04-02,Alabama,state,1270,32,4
2020-04-03,Alabama,state,1535,38,5
2020-04-04,Alabama,state,1633,44,6
2020-04-05,Alabama,state,1841,45,7
2020-04-06,Alabama,state,2006,53,8
2020-04-07,Alabama,state,2197,64,9
2020-04-08,Alabama,state,2499,67,10
2020-04-09,Alabama,state,2838,78,11
2020-04-10,Alabama,state,3008,80,12
2020-04-11,Alabama,state,3262,93,13
2020-04-12,Alabama,state,3583,93,14
2020-04-13,Alabama,state,3805,104,15
2020-04-14,Alabama,state,3953,114,16
2020-04-15,Alabama,state,4241,123,17
2020-04-16,Alabama,state,4404,137,18
2020-04-17,Alabama,state,4572,151,19
2020-04-18,Alabama,state,4723,147,20
2020-04-19,Alabama,state,4903,160,21
2020-04-20,Alabama,state,5078,164,22
2020-04-21,Alabama,state,5327,186,23
2020-04-22,Alabama,state,5610,201,24
2020-04-23,Alabama,state,5832,197,25
2020-04-24,Alabama,state,6026,209,26
2020-04-25,Alabama,state,6213,213,27
2020-04-26,Alabama,state,6421,219,28
2020-04-27,Alabama,state,6539,228,29
2020-04-28,Alabama,state,6750,242,30
2020-04-29,Alabama,state,6925,262,31
2020-04-30,Alabama,state,7068,272,32
2020-05-01,Alabama,state,7294,289,33
2020-05-02,Alabama,state,7611,288,34
