date,location,location_type,cases_total,deaths_total,days_since_10_deaths
2020-03-27,Arizona,state,665,15,1
2020-03-28,Arizona,state,773,15,2
2020-03-29,Arizona,state,929,18,3
2020-03-30,Arizona,state,1169,20,4
2020-03-31,Arizona,state,1298,24,5
2020-04-01,Arizona,state,1413,29,6
2020-04-02,Arizona,state,1600,35,7
2020-04-03,Arizona,state,1769,41,8
2020-04-04,Arizona,state,2019,53,9
2020-04-05,Arizona,state,2269,64,10
2020-04-06,Arizona,state,2465,67,11
2020-04-07,Arizona,state,2575,77,12
2020-04-08,Arizona,state,2726,80,13
2020-04-09,Arizona,state,3018,89,14
2020-04-10,Arizona,state,3112,97,15
2020-04-11,Arizona,state,3393,112,16
2020-04-12,Arizona,state,3539,117,17
2020-04-13,Arizona,state,3702,122,18
2020-04-14,Arizona,state,3806,131,19
2020-04-15,Arizona,state,3962,142,20
2020-04-16,Arizona,state,4234,152,21
2020-04-17,Arizona,state,4507,174,22
2020-04-18,Arizona,state,4719,181,23
2020-04-19,Arizona,state,4929,188,24
2020-04-20,Arizona,state,5064,191,25
2020-04-21,Arizona,state,5251,213,26
2020-04-22,Arizona,state,5459,236,27
2020-04-23,Arizona,state,5769,257,28
2020-04-24,Arizona,state,6045,268,29
2020-04-25,Arizona,state,6280,275,30
2020-04-26,Arizona,state,6526,277,31
2020-04-27,Arizona,state,6716,277,32
2020-04-28,Arizona,state,6948,297,33
2020-04-29,Arizona,state,7202,308,34
2020-04-30,Arizona,state,7648,320,35
2020-05-01,Arizona,state,7962,330,36
2020-05-02,Arizona,state,8364,353,37
