date,location,location_type,cases_total,deaths_total,days_since_10_deaths
2020-04-01,Arkansas,state,624,10,1
2020-04-02,Arkansas,state,683,12,2
2020-04-03,Arkansas,state,738,12,3
2020-04-04,Arkansas,state,743,14,4
2020-04-05,Arkansas,state,853,16,5
2020-04-06,Arkansas,state,927,16,6
2020-04-07,Arkansas,state,997,18,7
2020-04-08,Arkansas,state,1077,18,8
2020-04-09,Arkansas,state,1146,21,9
2020-04-10,Arkansas,state,1202,24,10
2020-04-11,Arkansas,state,1228,25,11
2020-04-12,Arkansas,state,1280,27,12
2020-04-13,Arkansas,state,1475,30,13
2020-04-14,Arkansas,state,1498,32,14
2020-04-15,Arkansas,state,1599,34,15
2020-04-16,Arkansas,state,1620,37,16
2020-04-17,Arkansas,state,1695,37,17
2020-04-18,Arkansas,state,1777,38,18
2020-04-19,Arkansas,state,1781,39,19
2020-04-20,Arkansas,state,1971,42,20
2020-04-21,Arkansas,state,2262,43,21
2020-04-22,Arkansas,state,2392,44,22
2020-04-23,Arkansas,state,2599,45,23
2020-04-24,Arkansas,state,2810,47,24
2020-04-25,Arkansas,state,2909,48,25
2020-04-26,Arkansas,state,3001,50,26
2020-04-27,Arkansas,state,3069,51,27
2020-04-28,Arkansas,state,3127,57,28
2020-04-29,Arkansas,state,3207,59,29
2020-04-30,Arkansas,state,3281,61,30
2020-05-01,Arkansas,state,3310,64,31
2020-05-02,Arkansas,state,3372,72,32
