date,location,location_type,cases_total,deaths_total,days_since_10_deaths
2020-03-16,California,state,588,11,1
2020-03-17,California,state,732,14,2
2020-03-18,California,state,893,17,3
2020-03-19,California,state,1067,19,4
2020-03-20,California,state,1283,24,5
2020-03-21,California,state,1544,28,6
2020-03-22,California,state,1851,35,7
2020-03-23,California,state,2240,39,8
2020-03-24,California,state,2644,52,9
2020-03-25,California,state,3183,67,10
2020-03-26,California,state,4060,82,11
2020-03-27,California,state,4914,102,12
2020-03-28,California,state,5565,121,13
2020-03-29,California,state,6266,130,14
2020-03-30,California,state,7421,146,15
2020-03-31,California,state,8582,183,16
2020-04-01,California,state,9816,212,17
2020-04-02,California,state,11190,247,18
2020-04-03,California,state,12569,282,19
2020-04-04,California,state,13796,323,20
2020-04-05,California,state,15076,349,21
2020-04-06,California,state,16284,386,22
2020-04-07,California,state,17540,447,23
2020-04-08,California,state,19043,506,24
2020-04-09,California,state,20191,548,25
2020-04-10,California,state,21366,594,26
2020-04-11,California,state,22421,632,27
2020-04-12,California,state,23323,676,28
2020-04-13,California,state,24334,725,29
2020-04-14,California,state,25758,778,30
2020-04-15,California,state,27107,885,31
2020-04-16,California,state,28142,971,32
2020-04-17,California,state,29398,1050,33
2020-04-18,California,state,30829,1146,34
2020-04-19,California,state,31544,1176,35
2020-04-20,California,state,33862,1223,36
2020-04-21,California,state,35844,1316,37
2020-04-22,California,state,37573,1425,38
2020-04-23,California,state,39534,1553,39
2020-04-24,California,state,41368,1619,40
2020-04-25,California,state,42590,1692,41
2020-04-26,California,state,43691,1716,42
2020-04-27,California,state,45208,1800,43
2020-04-28,California,state,46570,1884,44
2020-04-29,California,state,48904,1961,45
2020-04-30,California,state,50470,2057,46
2020-05-01,California,state,52318,2147,47
2020-05-02,California,state,53753,2213,48
