date,location,location_type,cases_total,deaths_total,days_since_10_deaths
2020-03-23,Colorado,state,721,10,1
2020-03-24,Colorado,state,912,11,2
2020-03-25,Colorado,state,1086,19,3
2020-03-26,Colorado,state,1432,24,4
2020-03-27,Colorado,state,1735,31,5
2020-03-28,Colorado,state,2061,44,6
2020-03-29,Colorado,state,2315,47,7
2020-03-30,Colorado,state,2628,51,8
2020-03-31,Colorado,state,2990,69,9
2020-04-01,Colorado,state,3346,80,10
2020-04-02,Colorado,state,3728,96,11
2020-04-03,Colorado,state,4182,110,12
2020-04-04,Colorado,state,4574,126,13
2020-04-05,Colorado,state,4950,140,14
2020-04-06,Colorado,state,5172,150,15
2020-04-07,Colorado,state,5429,179,16
2020-04-08,Colorado,state,5655,192,17
2020-04-09,Colorado,state,6202,227,18
2020-04-10,Colorado,state,6510,253,19
2020-04-11,Colorado,state,6893,274,20
2020-04-12,Colorado,state,7303,290,21
2020-04-13,Colorado,state,7691,308,22
2020-04-14,Colorado,state,7941,329,23
2020-04-15,Colorado,state,8280,355,24
2020-04-16,Colorado,state,8675,374,25
2020-04-17,Colorado,state,9047,389,26
2020-04-18,Colorado,state,9433,409,27
2020-04-19,Colorado,state,9730,421,28
2020-04-20,Colorado,state,10106,448,29
2020-04-21,Colorado,state,10447,484,30
2020-04-22,Colorado,state,10878,526,31
2020-04-23,Colorado,state,11262,557,32
2020-04-24,Colorado,state,12255,672,33
2020-04-25,Colorado,state,12968,670,34
2020-04-26,Colorado,state,13441,678,35
2020-04-27,Colorado,state,13804,705,36
2020-04-28,Colorado,state,14239,734,37
2020-04-29,Colorado,state,14680,764,38
2020-04-30,Colorado,state,15207,775,39
2020-05-01,Colorado,state,15661,818,40
2020-05-02,Colorado,state,16118,830,41
