date,location,location_type,cases_total,deaths_total,days_since_10_deaths
2020-03-23,Connecticut,state,415,10,1
2020-03-24,Connecticut,state,618,12,2
2020-03-25,Connecticut,state,875,19,3
2020-03-26,Connecticut,state,1012,21,4
2020-03-27,Connecticut,state,1291,27,5
2020-03-28,Connecticut,state,1524,33,6
2020-03-29,Connecticut,state,1993,34,7
2020-03-30,Connecticut,state,2571,36,8
2020-03-31,Connecticut,state,3128,69,9
2020-04-01,Connecticut,state,3557,85,10
2020-04-02,Connecticut,state,3824,112,11
2020-04-03,Connecticut,state,4915,132,12
2020-04-04,Connecticut,state,5276,165,13
2020-04-05,Connecticut,state,5675,189,14
2020-04-06,Connecticut,state,6906,206,15
2020-04-07,Connecticut,state,7781,277,16
2020-04-08,Connecticut,state,8781,335,17
2020-04-09,Connecticut,state,9784,380,18
2020-04-10,Connecticut,state,10538,448,19
2020-04-11,Connecticut,state,11510,494,20
2020-04-12,Connecticut,state,12035,554,21
2020-04-13,Connecticut,state,13381,602,22
2020-04-14,Connecticut,state,13989,671,23
2020-04-15,Connecticut,state,14755,868,24
2020-04-16,Connecticut,state,15884,971,25
2020-04-17,Connecticut,state,16809,1036,26
2020-04-18,Connecticut,state,17550,1086,27
2020-04-19,Connecticut,state,17962,1127,28
2020-04-20,Connecticut,state,19815,1331,29
2020-04-21,Connecticut,state,20360,1423,30
2020-04-22,Connecticut,state,22469,1544,31
2020-04-23,Connecticut,state,23100,1639,32
2020-04-24,Connecticut,state,23921,1764,33
2020-04-25,Connecticut,state,24582,1862,34
2020-04-26,Connecticut,state,25269,1925,35
2020-04-27,Connecticut,state,25997,2012,36
2020-04-28,Connecticut,state,26312,2089,37
2020-04-29,Connecticut,state,26767,2168,38
2020-04-30,Connecticut,state,27700,2257,39
2020-05-01,Connecticut,state,28764,2339,40
2020-05-02,Connecticut,state,29287,2436,41
