date,location,location_type,cases_total,deaths_total,days_since_10_deaths
2020-03-31,Delaware,state,319,10,1
2020-04-01,Delaware,state,368,11,2
2020-04-02,Delaware,state,393,12,3
2020-04-03,Delaware,state,450,14,4
2020-04-04,Delaware,state,593,14,5
2020-04-05,Delaware,state,673,14,6
2020-04-06,Delaware,state,783,15,7
2020-04-07,Delaware,state,928,16,8
2020-04-08,Delaware,state,1116,19,9
2020-04-09,Delaware,state,1209,23,10
2020-04-10,Delaware,state,1326,32,11
2020-04-11,Delaware,state,1479,33,12
2020-04-12,Delaware,state,1625,35,13
2020-04-13,Delaware,state,1761,41,14
2020-04-14,Delaware,state,1926,43,15
2020-04-15,Delaware,state,2014,46,16
2020-04-16,Delaware,state,2075,52,17
2020-04-17,Delaware,state,2323,61,18
2020-04-18,Delaware,state,2538,67,19
2020-04-19,Delaware,state,2538,67,20
2020-04-20,Delaware,state,2745,72,21
2020-04-21,Delaware,state,2931,82,22
2020-04-22,Delaware,state,3200,89,23
2020-04-23,Delaware,state,3308,92,24
2020-04-24,Delaware,state,3442,100,25
2020-04-25,Delaware,state,3576,112,26
2020-04-26,Delaware,state,4034,120,27
2020-04-27,Delaware,state,4162,125,28
2020-04-28,Delaware,state,4575,137,29
2020-04-29,Delaware,state,4655,144,30
2020-04-30,Delaware,state,4734,152,31
2020-05-01,Delaware,state,4918,159,32
2020-05-02,Delaware,state,5038,168,33
