date,location,location_type,cases_total,deaths_total,days_since_10_deaths
2020-04-01,District of Columbia,state,586,11,1
2020-04-02,District of Columbia,state,653,12,2
2020-04-03,District of Columbia,state,757,15,3
2020-04-04,District of Columbia,state,902,21,4
2020-04-05,District of Columbia,state,998,22,5
2020-04-06,District of Columbia,state,1097,24,6
2020-04-07,District of Columbia,state,1211,24,7
2020-04-08,District of Columbia,state,1440,27,8
2020-04-09,District of Columbia,state,1523,32,9
2020-04-10,District of Columbia,state,1660,38,10
2020-04-11,District of Columbia,state,1778,47,11
2020-04-12,District of Columbia,state,1875,50,12
2020-04-13,District of Columbia,state,1955,52,13
2020-04-14,District of Columbia,state,2058,67,14
2020-04-15,District of Columbia,state,2197,72,15
2020-04-16,District of Columbia,state,2350,81,16
2020-04-17,District of Columbia,state,2476,86,17
2020-04-18,District of Columbia,state,2666,91,18
2020-04-19,District of Columbia,state,2793,96,19
2020-04-20,District of Columbia,state,2927,105,20
2020-04-21,District of Columbia,state,3098,112,21
2020-04-22,District of Columbia,state,3206,127,22
2020-04-23,District of Columbia,state,3361,139,23
2020-04-24,District of Columbia,state,3528,153,24
2020-04-25,District of Columbia,state,3699,165,25
2020-04-26,District of Columbia,state,3841,178,26
2020-04-27,District of Columbia,state,3892,185,27
2020-04-28,District of Columbia,state,3994,190,28
2020-04-29,District of Columbia,state,4106,205,29
2020-04-30,District of Columbia,state,4323,224,30
2020-05-01,District of Columbia,state,4658,231,31
2020-05-02,District of Columbia,state,4797,240,32
