date,location,location_type,cases_total,deaths_total,days_since_10_deaths
2020-03-21,Florida,state,764,11,1
2020-03-22,Florida,state,1000,13,2
2020-03-23,Florida,state,1222,18,3
2020-03-24,Florida,state,1467,19,4
2020-03-25,Florida,state,1965,23,5
2020-03-26,Florida,state,2477,29,6
2020-03-27,Florida,state,3198,46,7
2020-03-28,Florida,state,4038,56,8
2020-03-29,Florida,state,4942,59,9
2020-03-30,Florida,state,5694,71,10
2020-03-31,Florida,state,6741,85,11
2020-04-01,Florida,state,7765,100,12
2020-04-02,Florida,state,9000,144,13
2020-04-03,Florida,state,10260,169,14
2020-04-04,Florida,state,11537,194,15
2020-04-05,Florida,state,12342,220,16
2020-04-06,Florida,state,13621,253,17
2020-04-07,Florida,state,14739,295,18
2020-04-08,Florida,state,15690,322,19
2020-04-09,Florida,state,16819,370,20
2020-04-10,Florida,state,17960,418,21
2020-04-11,Florida,state,18978,445,22
2020-04-12,Florida,state,19855,460,23
2020-04-13,Florida,state,21011,498,24
2020-04-14,Florida,state,21620,570,25
2020-04-15,Florida,state,22526,613,26
2020-04-16,Florida,state,23332,667,27
2020-04-17,Florida,state,24745,725,28
2020-04-18,Florida,state,25484,747,29
2020-04-19,Florida,state,26306,773,30
2020-04-20,Florida,state,27050,822,31
2020-04-21,Florida,state,27861,866,32
2020-04-22,Florida,state,28301,926,33
2020-04-23,Florida,state,29640,986,34
2020-04-24,Florida,state,30525,1045,35
2020-04-25,Florida,state,30831,1054,36
2020-04-26,Florida,state,31520,1073,37
2020-04-27,Florida,state,32130,1087,38
2020-04-28,Florida,state,32838,1170,39
2020-04-29,Florida,state,33185,1216,40
2020-04-30,Florida,state,33683,1267,41
2020-05-01,Florida,state,34720,1313,42
2020-05-02,Florida,state,35455,1363,43
