date,location,location_type,cases_total,deaths_total,days_since_10_deaths
2020-03-19,Georgia,state,282,10,1
2020-03-20,Georgia,state,482,14,2
2020-03-21,Georgia,state,552,20,3
2020-03-22,Georgia,state,620,25,4
2020-03-23,Georgia,state,800,25,5
2020-03-24,Georgia,state,1097,38,6
2020-03-25,Georgia,state,1387,47,7
2020-03-26,Georgia,state,1643,56,8
2020-03-27,Georgia,state,2198,64,9
2020-03-28,Georgia,state,2447,79,10
2020-03-29,Georgia,state,2683,83,11
2020-03-30,Georgia,state,3032,102,12
2020-03-31,Georgia,state,4117,125,13
2020-04-01,Georgia,state,4748,154,14
2020-04-02,Georgia,state,5444,176,15
2020-04-03,Georgia,state,5967,198,16
2020-04-04,Georgia,state,6383,208,17
2020-04-05,Georgia,state,6742,219,18
2020-04-06,Georgia,state,7558,294,19
2020-04-07,Georgia,state,9156,348,20
2020-04-08,Georgia,state,10204,370,21
2020-04-09,Georgia,state,10885,412,22
2020-04-10,Georgia,state,11859,425,23
2020-04-11,Georgia,state,12261,432,24
2020-04-12,Georgia,state,12103,438,25
2020-04-13,Georgia,state,13125,479,26
2020-04-14,Georgia,state,13913,517,27
2020-04-15,Georgia,state,14583,569,28
2020-04-16,Georgia,state,15644,611,29
2020-04-17,Georgia,state,16658,661,30
2020-04-18,Georgia,state,17014,670,31
2020-04-19,Georgia,state,17619,682,32
2020-04-20,Georgia,state,18447,767,33
2020-04-21,Georgia,state,19189,810,34
2020-04-22,Georgia,state,20099,837,35
2020-04-23,Georgia,state,20905,871,36
2020-04-24,Georgia,state,21575,889,37
2020-04-25,Georgia,state,22225,897,38
2020-04-26,Georgia,state,22459,907,39
2020-04-27,Georgia,state,23229,981,40
2020-04-28,Georgia,state,23607,1022,41
2020-04-29,Georgia,state,24300,1086,42
2020-04-30,Georgia,state,25431,1121,43
2020-05-01,Georgia,state,26436,1153,44
2020-05-02,Georgia,state,27268,1161,45
