date,location,location_type,cases_total,deaths_total,days_since_10_deaths
2020-04-19,Hawaii,state,574,10,1
2020-04-20,Hawaii,state,578,10,2
2020-04-21,Hawaii,state,580,12,3
2020-04-22,Hawaii,state,586,12,4
2020-04-23,Hawaii,state,590,12,5
2020-04-24,Hawaii,state,595,13,6
2020-04-25,Hawaii,state,597,14,7
2020-04-26,Hawaii,state,599,14,8
2020-04-27,Hawaii,state,600,16,9
2020-04-28,Hawaii,state,602,16,10
2020-04-29,Hawaii,state,605,16,11
2020-04-30,Hawaii,state,609,16,12
2020-05-01,Hawaii,state,610,16,13
2020-05-02,Hawaii,state,611,16,14
