date,location,location_type,cases_total,deaths_total,days_since_10_deaths
2020-04-03,Idaho,state,1013,10,1
2020-04-04,Idaho,state,1077,10,2
2020-04-05,Idaho,state,1101,10,3
2020-04-06,Idaho,state,1170,13,4
2020-04-07,Idaho,state,1210,15,5
2020-04-08,Idaho,state,1232,19,6
2020-04-09,Idaho,state,1353,24,7
2020-04-10,Idaho,state,1397,25,8
2020-04-11,Idaho,state,1407,27,9
2020-04-12,Idaho,state,1426,27,10
2020-04-13,Idaho,state,1453,33,11
2020-04-14,Idaho,state,1464,39,12
2020-04-15,Idaho,state,1507,41,13
2020-04-16,Idaho,state,1528,41,14
2020-04-17,Idaho,state,1566,43,15
2020-04-18,Idaho,state,1577,44,16
2020-04-19,Idaho,state,1581,45,17
2020-04-20,Idaho,state,1638,48,18
2020-04-21,Idaho,state,1659,51,19
2020-04-22,Idaho,state,1688,54,20
2020-04-23,Idaho,state,1721,54,21
2020-04-24,Idaho,state,1750,54,22
2020-04-25,Idaho,state,1760,56,23
2020-04-26,Idaho,state,1768,56,24
2020-04-27,Idaho,state,1785,58,25
2020-04-28,Idaho,state,1810,60,26
2020-04-29,Idaho,state,1831,60,27
2020-04-30,Idaho,state,1861,63,28
2020-05-01,Idaho,state,1883,63,29
2020-05-02,Idaho,state,1908,64,30
