date,location,location_type,cases_total,deaths_total,days_since_10_deaths
2020-03-23,Illinois,state,1285,12,1
2020-03-24,Illinois,state,1535,16,2
2020-03-25,Illinois,state,1875,21,3
2020-03-26,Illinois,state,2538,26,4
2020-03-27,Illinois,state,3029,37,5
2020-03-28,Illinois,state,3547,50,6
2020-03-29,Illinois,state,4613,70,7
2020-03-30,Illinois,state,5070,84,8
2020-03-31,Illinois,state,5994,107,9
2020-04-01,Illinois,state,6980,146,10
2020-04-02,Illinois,state,7695,165,11
2020-04-03,Illinois,state,8904,211,12
2020-04-04,Illinois,state,10357,248,13
2020-04-05,Illinois,state,11276,282,14
2020-04-06,Illinois,state,12262,309,15
2020-04-07,Illinois,state,13549,384,16
2020-04-08,Illinois,state,15078,464,17
2020-04-09,Illinois,state,16422,534,18
2020-04-10,Illinois,state,17887,607,19
2020-04-11,Illinois,state,19180,682,20
2020-04-12,Illinois,state,20852,727,21
2020-04-13,Illinois,state,22025,800,22
2020-04-14,Illinois,state,23247,878,23
2020-04-15,Illinois,state,24593,958,24
2020-04-16,Illinois,state,25734,1081,25
2020-04-17,Illinois,state,27575,1142,26
2020-04-18,Illinois,state,29160,1272,27
2020-04-19,Illinois,state,30357,1302,28
2020-04-20,Illinois,state,31508,1359,29
2020-04-21,Illinois,state,33059,1479,30
2020-04-22,Illinois,state,35108,1577,31
2020-04-23,Illinois,state,36935,1696,32
2020-04-24,Illinois,state,39658,1804,33
2020-04-25,Illinois,state,41777,1884,34
2020-04-26,Illinois,state,43903,1943,35
2020-04-27,Illinois,state,45883,1992,36
2020-04-28,Illinois,state,48102,2132,37
2020-04-29,Illinois,state,50355,2221,38
2020-04-30,Illinois,state,52918,2361,39
2020-05-01,Illinois,state,56055,2464,40
2020-05-02,Illinois,state,58505,2576,41
