date,location,location_type,cases_total,deaths_total,days_since_10_deaths
2020-03-24,Indiana,state,366,12,1
2020-03-25,Indiana,state,479,14,2
2020-03-26,Indiana,state,656,18,3
2020-03-27,Indiana,state,982,26,4
2020-03-28,Indiana,state,1232,31,5
2020-03-29,Indiana,state,1514,32,6
2020-03-30,Indiana,state,1788,35,7
2020-03-31,Indiana,state,2159,50,8
2020-04-01,Indiana,state,2565,65,9
2020-04-02,Indiana,state,3039,78,10
2020-04-03,Indiana,state,3437,102,11
2020-04-04,Indiana,state,3953,116,12
2020-04-05,Indiana,state,4411,127,13
2020-04-06,Indiana,state,4956,141,14
2020-04-07,Indiana,state,5507,173,15
2020-04-08,Indiana,state,5943,203,16
2020-04-09,Indiana,state,6351,246,17
2020-04-10,Indiana,state,6907,300,18
2020-04-11,Indiana,state,7435,330,19
2020-04-12,Indiana,state,7928,343,20
2020-04-13,Indiana,state,8236,350,21
2020-04-14,Indiana,state,8527,387,22
2020-04-15,Indiana,state,8955,436,23
2020-04-16,Indiana,state,9542,477,24
2020-04-17,Indiana,state,10154,519,25
2020-04-18,Indiana,state,10641,545,26
2020-04-19,Indiana,state,11210,562,27
2020-04-20,Indiana,state,11686,569,28
2020-04-21,Indiana,state,12097,630,29
2020-04-22,Indiana,state,12438,661,30
2020-04-23,Indiana,state,13039,706,31
2020-04-24,Indiana,state,13680,741,32
2020-04-25,Indiana,state,14395,785,33
2020-04-26,Indiana,state,15012,813,34
2020-04-27,Indiana,state,15961,844,35
2020-04-28,Indiana,state,16579,901,36
2020-04-29,Indiana,state,17168,964,37
2020-04-30,Indiana,state,17822,1007,38
2020-05-01,Indiana,state,18630,1062,39
2020-05-02,Indiana,state,19295,1115,40
