date,location,location_type,cases_total,deaths_total,days_since_10_deaths
2020-04-02,Iowa,state,614,11,1
2020-04-03,Iowa,state,699,11,2
2020-04-04,Iowa,state,786,11,3
2020-04-05,Iowa,state,868,22,4
2020-04-06,Iowa,state,946,25,5
2020-04-07,Iowa,state,1048,26,6
2020-04-08,Iowa,state,1145,27,7
2020-04-09,Iowa,state,1270,27,8
2020-04-10,Iowa,state,1388,31,9
2020-04-11,Iowa,state,1510,34,10
2020-04-12,Iowa,state,1587,41,11
2020-04-13,Iowa,state,1710,44,12
2020-04-14,Iowa,state,1899,44,13
2020-04-15,Iowa,state,1995,53,14
2020-04-16,Iowa,state,2141,60,15
2020-04-17,Iowa,state,2332,64,16
2020-04-18,Iowa,state,2513,74,17
2020-04-19,Iowa,state,2915,75,18
2020-04-20,Iowa,state,3175,79,19
2020-04-21,Iowa,state,3641,83,20
2020-04-22,Iowa,state,3764,90,21
2020-04-23,Iowa,state,3939,96,22
2020-04-24,Iowa,state,4459,107,23
2020-04-25,Iowa,state,5109,112,24
2020-04-26,Iowa,state,5491,118,25
2020-04-27,Iowa,state,5868,127,26
2020-04-28,Iowa,state,6376,136,27
2020-04-29,Iowa,state,6843,148,28
2020-04-30,Iowa,state,7145,162,29
2020-05-01,Iowa,state,7884,170,30
2020-05-02,Iowa,state,8641,175,31
