date,location,location_type,cases_total,deaths_total,days_since_10_deaths
2020-03-31,Kansas,state,434,10,1
2020-04-01,Kansas,state,488,11,2
2020-04-02,Kansas,state,554,14,3
2020-04-03,Kansas,state,624,19,4
2020-04-04,Kansas,state,701,21,5
2020-04-05,Kansas,state,763,23,6
2020-04-06,Kansas,state,853,25,7
2020-04-07,Kansas,state,905,30,8
2020-04-08,Kansas,state,1055,38,9
2020-04-09,Kansas,state,1116,42,10
2020-04-10,Kansas,state,1180,50,11
2020-04-11,Kansas,state,1283,55,12
2020-04-12,Kansas,state,1338,56,13
2020-04-13,Kansas,state,1383,63,14
2020-04-14,Kansas,state,1439,69,15
2020-04-15,Kansas,state,1502,76,16
2020-04-16,Kansas,state,1594,80,17
2020-04-17,Kansas,state,1731,84,18
2020-04-18,Kansas,state,1820,86,19
2020-04-19,Kansas,state,1898,94,20
2020-04-20,Kansas,state,2031,101,21
2020-04-21,Kansas,state,2115,107,22
2020-04-22,Kansas,state,2292,111,23
2020-04-23,Kansas,state,2615,112,24
2020-04-24,Kansas,state,2830,117,25
2020-04-25,Kansas,state,3081,119,26
2020-04-26,Kansas,state,3188,120,27
2020-04-27,Kansas,state,3393,126,28
2020-04-28,Kansas,state,3587,127,29
2020-04-29,Kansas,state,3799,132,30
2020-04-30,Kansas,state,4291,133,31
2020-05-01,Kansas,state,4486,136,32
2020-05-02,Kansas,state,4838,140,33
