date,location,location_type,cases_total,deaths_total,days_since_10_deaths
2020-03-30,Kentucky,state,480,11,1
2020-03-31,Kentucky,state,590,18,2
2020-04-01,Kentucky,state,682,20,3
2020-04-02,Kentucky,state,755,34,4
2020-04-03,Kentucky,state,770,34,5
2020-04-04,Kentucky,state,917,40,6
2020-04-05,Kentucky,state,1048,44,7
2020-04-06,Kentucky,state,1057,52,8
2020-04-07,Kentucky,state,1289,66,9
2020-04-08,Kentucky,state,1393,73,10
2020-04-09,Kentucky,state,1525,84,11
2020-04-10,Kentucky,state,1702,90,12
2020-04-11,Kentucky,state,1851,94,13
2020-04-12,Kentucky,state,1963,98,14
2020-04-13,Kentucky,state,2048,106,15
2020-04-14,Kentucky,state,2210,115,16
2020-04-15,Kentucky,state,2295,124,17
2020-04-16,Kentucky,state,2429,131,18
2020-04-17,Kentucky,state,2522,140,19
2020-04-18,Kentucky,state,2707,145,20
2020-04-19,Kentucky,state,2960,149,21
2020-04-20,Kentucky,state,3050,155,22
2020-04-21,Kentucky,state,3193,172,23
2020-04-22,Kentucky,state,3373,185,24
2020-04-23,Kentucky,state,3548,194,25
2020-04-24,Kentucky,state,3779,203,26
2020-04-25,Kentucky,state,3905,208,27
2020-04-26,Kentucky,state,4074,211,28
2020-04-27,Kentucky,state,4146,216,29
2020-04-28,Kentucky,state,4375,231,30
2020-04-29,Kentucky,state,4538,235,31
2020-04-30,Kentucky,state,4708,240,32
2020-05-01,Kentucky,state,4879,248,33
2020-05-02,Kentucky,state,4881,252,34
