date,location,location_type,cases_total,deaths_total,days_since_10_deaths
2020-03-19,Louisiana,state,392,10,1
2020-03-20,Louisiana,state,537,10,2
2020-03-21,Louisiana,state,763,16,3
2020-03-22,Louisiana,state,837,20,4
2020-03-23,Louisiana,state,1172,34,5
2020-03-24,Louisiana,state,1388,46,6
2020-03-25,Louisiana,state,1795,65,7
2020-03-26,Louisiana,state,2305,83,8
2020-03-27,Louisiana,state,2746,119,9
2020-03-28,Louisiana,state,3315,137,10
2020-03-29,Louisiana,state,3540,152,11
2020-03-30,Louisiana,state,4025,186,12
2020-03-31,Louisiana,state,5237,240,13
2020-04-01,Louisiana,state,6424,273,14
2020-04-02,Louisiana,state,9150,310,15
2020-04-03,Louisiana,state,10297,370,16
2020-04-04,Louisiana,state,12496,412,17
2020-04-05,Louisiana,state,13010,477,18
2020-04-06,Louisiana,state,14867,512,19
2020-04-07,Louisiana,state,16284,582,20
2020-04-08,Louisiana,state,17030,652,21
2020-04-09,Louisiana,state,18283,702,22
2020-04-10,Louisiana,state,19253,755,23
2020-04-11,Louisiana,state,20014,806,24
2020-04-12,Louisiana,state,20595,840,25
2020-04-13,Louisiana,state,21016,884,26
2020-04-14,Louisiana,state,21518,1013,27
2020-04-15,Louisiana,state,21951,1103,28
2020-04-16,Louisiana,state,22532,1156,29
2020-04-17,Louisiana,state,23118,1213,30
2020-04-18,Louisiana,state,23580,1267,31
2020-04-19,Louisiana,state,23928,1296,32
2020-04-20,Louisiana,state,24523,1328,33
2020-04-21,Louisiana,state,24854,1405,34
2020-04-22,Louisiana,state,25258,1473,35
2020-04-23,Louisiana,state,25739,1540,36
2020-04-24,Louisiana,state,26140,1601,37
2020-04-25,Louisiana,state,26512,1644,38
2020-04-26,Louisiana,state,26773,1670,39
2020-04-27,Louisiana,state,27068,1697,40
2020-04-28,Louisiana,state,27286,1758,41
2020-04-29,Louisiana,state,27660,1802,42
2020-04-30,Louisiana,state,28001,1862,43
2020-05-01,Louisiana,state,28711,1927,44
2020-05-02,Louisiana,state,29140,1950,45
