date,location,location_type,cases_total,deaths_total,days_since_10_deaths
2020-04-04,Maine,state,456,10,1
2020-04-05,Maine,state,470,10,2
2020-04-06,Maine,state,499,10,3
2020-04-07,Maine,state,519,12,4
2020-04-08,Maine,state,537,14,5
2020-04-09,Maine,state,560,16,6
2020-04-10,Maine,state,586,17,7
2020-04-11,Maine,state,616,19,8
2020-04-12,Maine,state,633,19,9
2020-04-13,Maine,state,698,19,10
2020-04-14,Maine,state,734,20,11
2020-04-15,Maine,state,770,24,12
2020-04-16,Maine,state,796,27,13
2020-04-17,Maine,state,827,29,14
2020-04-18,Maine,state,847,32,15
2020-04-19,Maine,state,867,34,16
2020-04-20,Maine,state,875,35,17
2020-04-21,Maine,state,888,36,18
2020-04-22,Maine,state,907,39,19
2020-04-23,Maine,state,937,44,20
2020-04-24,Maine,state,965,47,21
2020-04-25,Maine,state,990,50,22
2020-04-26,Maine,state,1015,50,23
2020-04-27,Maine,state,1023,51,24
2020-04-28,Maine,state,1040,51,25
2020-04-29,Maine,state,1056,52,26
2020-04-30,Maine,state,1095,53,27
2020-05-01,Maine,state,1123,55,28
2020-05-02,Maine,state,1152,56,29
