date,location,location_type,cases_total,deaths_total,days_since_10_deaths
2020-03-28,Maryland,state,1066,10,1
2020-03-29,Maryland,state,1244,11,2
2020-03-30,Maryland,state,1414,15,3
2020-03-31,Maryland,state,1662,18,4
2020-04-01,Maryland,state,1985,33,5
2020-04-02,Maryland,state,2331,36,6
2020-04-03,Maryland,state,2758,42,7
2020-04-04,Maryland,state,3125,54,8
2020-04-05,Maryland,state,3609,68,9
2020-04-06,Maryland,state,4045,92,10
2020-04-07,Maryland,state,4371,104,11
2020-04-08,Maryland,state,5529,124,12
2020-04-09,Maryland,state,6185,139,13
2020-04-10,Maryland,state,6968,172,14
2020-04-11,Maryland,state,7694,207,15
2020-04-12,Maryland,state,8225,236,16
2020-04-13,Maryland,state,8936,262,17
2020-04-14,Maryland,state,9472,302,18
2020-04-15,Maryland,state,10032,349,19
2020-04-16,Maryland,state,10784,392,20
2020-04-17,Maryland,state,11572,425,21
2020-04-18,Maryland,state,12308,463,22
2020-04-19,Maryland,state,12830,486,23
2020-04-20,Maryland,state,13684,516,24
2020-04-21,Maryland,state,14193,584,25
2020-04-22,Maryland,state,14775,632,26
2020-04-23,Maryland,state,15737,680,27
2020-04-24,Maryland,state,16618,723,28
2020-04-25,Maryland,state,17766,797,29
2020-04-26,Maryland,state,18581,827,30
2020-04-27,Maryland,state,19487,858,31
2020-04-28,Maryland,state,20113,929,32
2020-04-29,Maryland,state,20849,985,33
2020-04-30,Maryland,state,21742,1047,34
2020-05-01,Maryland,state,23472,1098,35
2020-05-02,Maryland,state,24473,1156,36
