date,location,location_type,cases_total,deaths_total,days_since_10_deaths
2020-03-24,Massachusetts,state,1159,11,1
2020-03-25,Massachusetts,state,1838,15,2
2020-03-26,Massachusetts,state,2417,25,3
2020-03-27,Massachusetts,state,3240,35,4
2020-03-28,Massachusetts,state,4257,44,5
2020-03-29,Massachusetts,state,4955,48,6
2020-03-30,Massachusetts,state,5752,56,7
2020-03-31,Massachusetts,state,6620,89,8
2020-04-01,Massachusetts,state,7738,122,9
2020-04-02,Massachusetts,state,8966,154,10
2020-04-03,Massachusetts,state,10402,192,11
2020-04-04,Massachusetts,state,11736,216,12
2020-04-05,Massachusetts,state,12500,231,13
2020-04-06,Massachusetts,state,13837,260,14
2020-04-07,Massachusetts,state,15202,356,15
2020-04-08,Massachusetts,state,16790,433,16
2020-04-09,Massachusetts,state,18941,503,17
2020-04-10,Massachusetts,state,20974,599,18
2020-04-11,Massachusetts,state,22860,686,19
2020-04-12,Massachusetts,state,25475,756,20
2020-04-13,Massachusetts,state,26867,844,21
2020-04-14,Massachusetts,state,28163,957,22
2020-04-15,Massachusetts,state,29918,1108,23
2020-04-16,Massachusetts,state,32181,1245,24
2020-04-17,Massachusetts,state,34402,1404,25
2020-04-18,Massachusetts,state,36372,1560,26
2020-04-19,Massachusetts,state,38077,1706,27
2020-04-20,Massachusetts,state,39643,1809,28
2020-04-21,Massachusetts,state,41199,1961,29
2020-04-22,Massachusetts,state,42944,2182,30
2020-04-23,Massachusetts,state,46023,2360,31
2020-04-24,Massachusetts,state,50969,2556,32
2020-04-25,Massachusetts,state,53348,2730,33
2020-04-26,Massachusetts,state,54938,2899,34
2020-04-27,Massachusetts,state,56462,3003,35
2020-04-28,Massachusetts,state,58302,3153,36
2020-04-29,Massachusetts,state,60265,3405,37
2020-04-30,Massachusetts,state,62205,3562,38
2020-05-01,Massachusetts,state,64311,3716,39
2020-05-02,Massachusetts,state,66263,3846,40
