date,location,location_type,cases_total,deaths_total,days_since_10_deaths
2020-03-23,Michigan,state,1324,16,1
2020-03-24,Michigan,state,1791,24,2
2020-03-25,Michigan,state,2294,43,3
2020-03-26,Michigan,state,2878,63,4
2020-03-27,Michigan,state,3657,93,5
2020-03-28,Michigan,state,4635,111,6
2020-03-29,Michigan,state,5486,132,7
2020-03-30,Michigan,state,6508,197,8
2020-03-31,Michigan,state,7630,264,9
2020-04-01,Michigan,state,9293,336,10
2020-04-02,Michigan,state,10791,417,11
2020-04-03,Michigan,state,12670,478,12
2020-04-04,Michigan,state,14225,540,13
2020-04-05,Michigan,state,15635,616,14
2020-04-06,Michigan,state,17130,727,15
2020-04-07,Michigan,state,18852,845,16
2020-04-08,Michigan,state,20220,959,17
2020-04-09,Michigan,state,21375,1076,18
2020-04-10,Michigan,state,22646,1280,19
2020-04-11,Michigan,state,23853,1391,20
2020-04-12,Michigan,state,24494,1486,21
2020-04-13,Michigan,state,25487,1601,22
2020-04-14,Michigan,state,26844,1766,23
2020-04-15,Michigan,state,27893,1919,24
2020-04-16,Michigan,state,29119,2091,25
2020-04-17,Michigan,state,29952,2226,26
2020-04-18,Michigan,state,30717,2307,27
2020-04-19,Michigan,state,31348,2389,28
2020-04-20,Michigan,state,31927,2466,29
2020-04-21,Michigan,state,32935,2698,30
2020-04-22,Michigan,state,33929,2812,31
2020-04-23,Michigan,state,35252,2977,32
2020-04-24,Michigan,state,36627,3084,33
2020-04-25,Michigan,state,37184,3273,34
2020-04-26,Michigan,state,37751,3314,35
2020-04-27,Michigan,state,38190,3406,36
2020-04-28,Michigan,state,39234,3566,37
2020-04-29,Michigan,state,40360,3670,38
2020-04-30,Michigan,state,41347,3788,39
2020-05-01,Michigan,state,42348,3866,40
2020-05-02,Michigan,state,43191,4020,41
