date,location,location_type,cases_total,deaths_total,days_since_10_deaths
2020-03-30,Minnesota,state,576,10,1
2020-03-31,Minnesota,state,629,12,2
2020-04-01,Minnesota,state,689,17,3
2020-04-02,Minnesota,state,742,18,4
2020-04-03,Minnesota,state,789,22,5
2020-04-04,Minnesota,state,865,24,6
2020-04-05,Minnesota,state,935,29,7
2020-04-06,Minnesota,state,986,30,8
2020-04-07,Minnesota,state,1069,34,9
2020-04-08,Minnesota,state,1154,39,10
2020-04-09,Minnesota,state,1242,50,11
2020-04-10,Minnesota,state,1335,57,12
2020-04-11,Minnesota,state,1427,64,13
2020-04-12,Minnesota,state,1621,70,14
2020-04-13,Minnesota,state,1650,70,15
2020-04-14,Minnesota,state,1695,79,16
2020-04-15,Minnesota,state,1809,87,17
2020-04-16,Minnesota,state,1912,94,18
2020-04-17,Minnesota,state,2071,111,19
2020-04-18,Minnesota,state,2213,121,20
2020-04-19,Minnesota,state,2356,134,21
2020-04-20,Minnesota,state,2470,143,22
2020-04-21,Minnesota,state,2567,160,23
2020-04-22,Minnesota,state,2721,179,24
2020-04-23,Minnesota,state,2942,200,25
2020-04-24,Minnesota,state,3185,221,26
2020-04-25,Minnesota,state,3446,244,27
2020-04-26,Minnesota,state,3602,272,28
2020-04-27,Minnesota,state,3816,286,29
2020-04-28,Minnesota,state,4181,301,30
2020-04-29,Minnesota,state,4644,319,31
2020-04-30,Minnesota,state,5136,343,32
2020-05-01,Minnesota,state,5730,371,33
2020-05-02,Minnesota,state,6228,395,34
