date,location,location_type,cases_total,deaths_total,days_since_10_deaths
2020-03-28,Missouri,state,838,10,1
2020-03-29,Missouri,state,903,12,2
2020-03-30,Missouri,state,1050,13,3
2020-03-31,Missouri,state,1351,15,4
2020-04-01,Missouri,state,1581,18,5
2020-04-02,Missouri,state,1834,24,6
2020-04-03,Missouri,state,2113,31,7
2020-04-04,Missouri,state,2291,44,8
2020-04-05,Missouri,state,2367,52,9
2020-04-06,Missouri,state,2722,56,10
2020-04-07,Missouri,state,3037,79,11
2020-04-08,Missouri,state,3327,86,12
2020-04-09,Missouri,state,3539,94,13
2020-04-10,Missouri,state,3799,105,14
2020-04-11,Missouri,state,4024,116,15
2020-04-12,Missouri,state,4160,116,16
2020-04-13,Missouri,state,4388,136,17
2020-04-14,Missouri,state,4686,151,18
2020-04-15,Missouri,state,4895,164,19
2020-04-16,Missouri,state,5111,170,20
2020-04-17,Missouri,state,5283,184,21
2020-04-18,Missouri,state,5517,194,22
2020-04-19,Missouri,state,5667,196,23
2020-04-20,Missouri,state,5807,201,24
2020-04-21,Missouri,state,5941,221,25
2020-04-22,Missouri,state,6137,236,26
2020-04-23,Missouri,state,6321,248,27
2020-04-24,Missouri,state,6625,267,28
2020-04-25,Missouri,state,6826,280,29
2020-04-26,Missouri,state,6997,282,30
2020-04-27,Missouri,state,7171,296,31
2020-04-28,Missouri,state,7306,324,32
2020-04-29,Missouri,state,7426,331,33
2020-04-30,Missouri,state,7563,341,34
2020-05-01,Missouri,state,7840,355,35
2020-05-02,Missouri,state,8154,373,36
