date,location,location_type,cases_total,deaths_total,days_since_10_deaths
2020-03-28,Mississippi,state,669,13,1
2020-03-29,Mississippi,state,759,14,2
2020-03-30,Mississippi,state,848,16,3
2020-03-31,Mississippi,state,937,20,4
2020-04-01,Mississippi,state,1073,22,5
2020-04-02,Mississippi,state,1177,26,6
2020-04-03,Mississippi,state,1358,29,7
2020-04-04,Mississippi,state,1455,35,8
2020-04-05,Mississippi,state,1638,43,9
2020-04-06,Mississippi,state,1738,51,10
2020-04-07,Mississippi,state,1915,59,11
2020-04-08,Mississippi,state,2003,67,12
2020-04-09,Mississippi,state,2260,76,13
2020-04-10,Mississippi,state,2469,82,14
2020-04-11,Mississippi,state,2642,93,15
2020-04-12,Mississippi,state,2781,96,16
2020-04-13,Mississippi,state,2942,98,17
2020-04-14,Mississippi,state,3087,111,18
2020-04-15,Mississippi,state,3360,122,19
2020-04-16,Mississippi,state,3624,129,20
2020-04-17,Mississippi,state,3793,140,21
2020-04-18,Mississippi,state,3974,152,22
2020-04-19,Mississippi,state,4274,159,23
2020-04-20,Mississippi,state,4512,169,24
2020-04-21,Mississippi,state,4716,183,25
2020-04-22,Mississippi,state,4894,193,26
2020-04-23,Mississippi,state,5153,201,27
2020-04-24,Mississippi,state,5434,209,28
2020-04-25,Mississippi,state,5718,221,29
2020-04-26,Mississippi,state,5911,227,30
2020-04-27,Mississippi,state,6094,229,31
2020-04-28,Mississippi,state,6342,239,32
2020-04-29,Mississippi,state,6569,250,33
2020-04-30,Mississippi,state,6815,261,34
2020-05-01,Mississippi,state,7212,281,35
2020-05-02,Mississippi,state,7441,291,36
