date,location,location_type,cases_total,deaths_total,days_since_10_deaths
2020-04-18,Montana,state,426,10,1
2020-04-19,Montana,state,433,10,2
2020-04-20,Montana,state,433,12,3
2020-04-21,Montana,state,437,12,4
2020-04-22,Montana,state,439,14,5
2020-04-23,Montana,state,442,14,6
2020-04-24,Montana,state,444,14,7
2020-04-25,Montana,state,445,14,8
2020-04-26,Montana,state,448,14,9
2020-04-27,Montana,state,449,14,10
2020-04-28,Montana,state,451,15,11
2020-04-29,Montana,state,451,16,12
2020-04-30,Montana,state,453,16,13
2020-05-01,Montana,state,453,16,14
2020-05-02,Montana,state,455,16,15
