date,location,location_type,cases_total,deaths_total,days_since_10_deaths
2020-04-06,Nebraska,state,438,10,1
2020-04-07,Nebraska,state,490,12,2
2020-04-08,Nebraska,state,538,14,3
2020-04-09,Nebraska,state,594,15,4
2020-04-10,Nebraska,state,679,18,5
2020-04-11,Nebraska,state,719,18,6
2020-04-12,Nebraska,state,806,18,7
2020-04-13,Nebraska,state,871,19,8
2020-04-14,Nebraska,state,931,21,9
2020-04-15,Nebraska,state,995,22,10
2020-04-16,Nebraska,state,1094,24,11
2020-04-17,Nebraska,state,1216,24,12
2020-04-18,Nebraska,state,1348,28,13
2020-04-19,Nebraska,state,1474,28,14
2020-04-20,Nebraska,state,1648,33,15
2020-04-21,Nebraska,state,1727,38,16
2020-04-22,Nebraska,state,1827,43,17
2020-04-23,Nebraska,state,2191,47,18
2020-04-24,Nebraska,state,2475,51,19
2020-04-25,Nebraska,state,2900,53,20
2020-04-26,Nebraska,state,3126,55,21
2020-04-27,Nebraska,state,3487,55,22
2020-04-28,Nebraska,state,3613,57,23
2020-04-29,Nebraska,state,3876,68,24
2020-04-30,Nebraska,state,4332,71,25
2020-05-01,Nebraska,state,4838,73,26
2020-05-02,Nebraska,state,5333,76,27
