date,location,location_type,cases_total,deaths_total,days_since_10_deaths
2020-03-25,Nevada,state,405,10,1
2020-03-26,Nevada,state,535,10,2
2020-03-27,Nevada,state,621,10,3
2020-03-28,Nevada,state,738,14,4
2020-03-29,Nevada,state,920,15,5
2020-03-30,Nevada,state,1044,18,6
2020-03-31,Nevada,state,1113,26,7
2020-04-01,Nevada,state,1279,32,8
2020-04-02,Nevada,state,1458,38,9
2020-04-03,Nevada,state,1549,43,10
2020-04-04,Nevada,state,1758,46,11
2020-04-05,Nevada,state,1880,46,12
2020-04-06,Nevada,state,1971,58,13
2020-04-07,Nevada,state,2101,60,14
2020-04-08,Nevada,state,2318,80,15
2020-04-09,Nevada,state,2456,82,16
2020-04-10,Nevada,state,2606,86,17
2020-04-11,Nevada,state,2720,111,18
2020-04-12,Nevada,state,2860,113,19
2020-04-13,Nevada,state,3036,114,20
2020-04-14,Nevada,state,3137,130,21
2020-04-15,Nevada,state,3212,137,22
2020-04-16,Nevada,state,3321,142,23
2020-04-17,Nevada,state,3524,151,24
2020-04-18,Nevada,state,3626,155,25
2020-04-19,Nevada,state,3741,158,26
2020-04-20,Nevada,state,3830,163,27
2020-04-21,Nevada,state,3937,163,28
2020-04-22,Nevada,state,4081,187,29
2020-04-23,Nevada,state,4208,195,30
2020-04-24,Nevada,state,4398,203,31
2020-04-25,Nevada,state,4539,206,32
2020-04-26,Nevada,state,4638,206,33
2020-04-27,Nevada,state,4708,219,34
2020-04-28,Nevada,state,4812,225,35
2020-04-29,Nevada,state,4934,237,36
2020-04-30,Nevada,state,5053,243,37
2020-05-01,Nevada,state,5249,254,38
2020-05-02,Nevada,state,5390,257,39
