date,location,location_type,cases_total,deaths_total,days_since_10_deaths
2020-04-03,New Mexico,state,495,10,1
2020-04-04,New Mexico,state,543,11,2
2020-04-05,New Mexico,state,624,12,3
2020-04-06,New Mexico,state,686,12,4
2020-04-07,New Mexico,state,794,13,5
2020-04-08,New Mexico,state,865,16,6
2020-04-09,New Mexico,state,989,17,7
2020-04-10,New Mexico,state,1091,19,8
2020-04-11,New Mexico,state,1174,20,9
2020-04-12,New Mexico,state,1245,26,10
2020-04-13,New Mexico,state,1345,31,11
2020-04-14,New Mexico,state,1407,36,12
2020-04-15,New Mexico,state,1484,36,13
2020-04-16,New Mexico,state,1597,44,14
2020-04-17,New Mexico,state,1711,51,15
2020-04-18,New Mexico,state,1798,53,16
2020-04-19,New Mexico,state,1845,55,17
2020-04-20,New Mexico,state,1971,58,18
2020-04-21,New Mexico,state,2072,65,19
2020-04-22,New Mexico,state,2210,71,20
2020-04-23,New Mexico,state,2379,78,21
2020-04-24,New Mexico,state,2524,84,22
2020-04-25,New Mexico,state,2662,93,23
2020-04-26,New Mexico,state,2728,99,24
2020-04-27,New Mexico,state,2825,104,25
2020-04-28,New Mexico,state,2975,110,26
2020-04-29,New Mexico,state,3213,112,27
2020-04-30,New Mexico,state,3411,123,28
2020-05-01,New Mexico,state,3513,131,29
2020-05-02,New Mexico,state,3732,139,30
