date,location,location_type,cases_total,deaths_total,days_since_10_deaths
2020-03-20,New Jersey,state,896,11,1
2020-03-21,New Jersey,state,1336,16,2
2020-03-22,New Jersey,state,1914,20,3
2020-03-23,New Jersey,state,2844,27,4
2020-03-24,New Jersey,state,3675,44,5
2020-03-25,New Jersey,state,4402,62,6
2020-03-26,New Jersey,state,6876,81,7
2020-03-27,New Jersey,state,8825,108,8
2020-03-28,New Jersey,state,11124,140,9
2020-03-29,New Jersey,state,13386,161,10
2020-03-30,New Jersey,state,16636,199,11
2020-03-31,New Jersey,state,18696,267,12
2020-04-01,New Jersey,state,22255,355,13
2020-04-02,New Jersey,state,25590,539,14
2020-04-03,New Jersey,state,29895,647,15
2020-04-04,New Jersey,state,34124,847,16
2020-04-05,New Jersey,state,37505,917,17
2020-04-06,New Jersey,state,41090,1005,18
2020-04-07,New Jersey,state,44416,1232,19
2020-04-08,New Jersey,state,47437,1504,20
2020-04-09,New Jersey,state,51027,1700,21
2020-04-10,New Jersey,state,54588,1932,22
2020-04-11,New Jersey,state,58151,2183,23
2020-04-12,New Jersey,state,61850,2350,24
2020-04-13,New Jersey,state,64584,2443,25
2020-04-14,New Jersey,state,68824,2805,26
2020-04-15,New Jersey,state,71030,3156,27
2020-04-16,New Jersey,state,75317,3518,28
2020-04-17,New Jersey,state,78467,3840,29
2020-04-18,New Jersey,state,81420,4070,30
2020-04-19,New Jersey,state,85301,4202,31
2020-04-20,New Jersey,state,88806,4377,32
2020-04-21,New Jersey,state,92387,4753,33
2020-04-22,New Jersey,state,95865,5063,34
2020-04-23,New Jersey,state,99989,5368,35
2020-04-24,New Jersey,state,102196,5617,36
2020-04-25,New Jersey,state,105523,5863,37
2020-04-26,New Jersey,state,109038,5938,38
2020-04-27,New Jersey,state,111188,6044,39
2020-04-28,New Jersey,state,113856,6442,40
2020-04-29,New Jersey,state,116264,6770,41
2020-04-30,New Jersey,state,118652,7228,42
2020-05-01,New Jersey,state,121190,7538,43
2020-05-02,New Jersey,state,123717,7742,44
