date,location,location_type,cases_total,deaths_total,days_since_10_deaths
2020-03-16,New York,state,950,10,1
2020-03-17,New York,state,1374,17,2
2020-03-18,New York,state,2382,27,3
2020-03-19,New York,state,4152,30,4
2020-03-20,New York,state,7102,57,5
2020-03-21,New York,state,10356,80,6
2020-03-22,New York,state,15168,122,7
2020-03-23,New York,state,20875,159,8
2020-03-24,New York,state,25665,218,9
2020-03-25,New York,state,33066,325,10
2020-03-26,New York,state,38987,432,11
2020-03-27,New York,state,44635,535,12
2020-03-28,New York,state,53363,782,13
2020-03-29,New York,state,59568,965,14
2020-03-30,New York,state,67174,1224,15
2020-03-31,New York,state,75832,1550,16
2020-04-01,New York,state,83889,1941,17
2020-04-02,New York,state,92381,2373,18
2020-04-03,New York,state,102870,2935,19
2020-04-04,New York,state,114996,3568,20
2020-04-05,New York,state,122911,4161,21
2020-04-06,New York,state,130689,4758,22
2020-04-07,New York,state,140081,5563,23
2020-04-08,New York,state,149401,6268,24
2020-04-09,New York,state,159937,7067,25
2020-04-10,New York,state,170512,7844,26
2020-04-11,New York,state,180458,8627,27
2020-04-12,New York,state,188694,9385,28
2020-04-13,New York,state,195031,10056,29
2020-04-14,New York,state,202208,10834,30
2020-04-15,New York,state,213779,11586,31
2020-04-16,New York,state,222284,12192,32
2020-04-17,New York,state,229642,12822,33
2020-04-18,New York,state,236763,13362,34
2020-04-19,New York,state,242817,13869,35
2020-04-20,New York,state,247543,14347,36
2020-04-21,New York,state,251720,14828,37
2020-04-22,New York,state,257246,15302,38
2020-04-23,New York,state,263460,15740,39
2020-04-24,New York,state,271621,16162,40
2020-04-25,New York,state,282174,16599,41
2020-04-26,New York,state,288076,16966,42
2020-04-27,New York,state,292027,17303,43
2020-04-28,New York,state,295137,17638,44
2020-04-29,New York,state,299722,18015,45
2020-04-30,New York,state,304401,18321,46
2020-05-01,New York,state,308345,18610,47
2020-05-02,New York,state,313008,18909,48
