date,location,location_type,cases_total,deaths_total,days_since_10_deaths
2020-04-07,New Hampshire,state,747,13,1
2020-04-08,New Hampshire,state,788,18,2
2020-04-09,New Hampshire,state,819,21,3
2020-04-10,New Hampshire,state,885,22,4
2020-04-11,New Hampshire,state,929,23,5
2020-04-12,New Hampshire,state,985,23,6
2020-04-13,New Hampshire,state,1020,23,7
2020-04-14,New Hampshire,state,1091,27,8
2020-04-15,New Hampshire,state,1139,32,9
2020-04-16,New Hampshire,state,1211,34,10
2020-04-17,New Hampshire,state,1287,37,11
2020-04-18,New Hampshire,state,1342,38,12
2020-04-19,New Hampshire,state,1392,41,13
2020-04-20,New Hampshire,state,1447,42,14
2020-04-21,New Hampshire,state,1491,42,15
2020-04-22,New Hampshire,state,1588,48,16
2020-04-23,New Hampshire,state,1670,51,17
2020-04-24,New Hampshire,state,1720,53,18
2020-04-25,New Hampshire,state,1793,60,19
2020-04-26,New Hampshire,state,1864,60,20
2020-04-27,New Hampshire,state,1938,60,21
2020-04-28,New Hampshire,state,2010,60,22
2020-04-29,New Hampshire,state,2054,66,23
2020-04-30,New Hampshire,state,2146,72,24
2020-05-01,New Hampshire,state,2310,81,25
2020-05-02,New Hampshire,state,2429,84,26
