date,location,location_type,cases_total,deaths_total,days_since_10_deaths
2020-04-19,North Dakota,state,585,10,1
2020-04-20,North Dakota,state,627,13,2
2020-04-21,North Dakota,state,644,13,3
2020-04-22,North Dakota,state,679,14,4
2020-04-23,North Dakota,state,709,15,5
2020-04-24,North Dakota,state,748,15,6
2020-04-25,North Dakota,state,803,16,7
2020-04-26,North Dakota,state,867,17,8
2020-04-27,North Dakota,state,942,19,9
2020-04-28,North Dakota,state,991,19,10
2020-04-29,North Dakota,state,1033,19,11
2020-04-30,North Dakota,state,1067,19,12
2020-05-01,North Dakota,state,1107,23,13
2020-05-02,North Dakota,state,1153,24,14
