date,location,location_type,cases_total,deaths_total,days_since_10_deaths
2020-03-31,North Carolina,state,1528,10,1
2020-04-01,North Carolina,state,1582,11,2
2020-04-02,North Carolina,state,1857,17,3
2020-04-03,North Carolina,state,2093,19,4
2020-04-04,North Carolina,state,2402,30,5
2020-04-05,North Carolina,state,2585,37,6
2020-04-06,North Carolina,state,2870,40,7
2020-04-07,North Carolina,state,3220,50,8
2020-04-08,North Carolina,state,3423,61,9
2020-04-09,North Carolina,state,3651,74,10
2020-04-10,North Carolina,state,3906,78,11
2020-04-11,North Carolina,state,4310,86,12
2020-04-12,North Carolina,state,4520,86,13
2020-04-13,North Carolina,state,4788,91,14
2020-04-14,North Carolina,state,4992,116,15
2020-04-15,North Carolina,state,5123,128,16
2020-04-16,North Carolina,state,5463,140,17
2020-04-17,North Carolina,state,5859,159,18
2020-04-18,North Carolina,state,6140,175,19
2020-04-19,North Carolina,state,6493,183,20
2020-04-20,North Carolina,state,6764,187,21
2020-04-21,North Carolina,state,6951,217,22
2020-04-22,North Carolina,state,7220,242,23
2020-04-23,North Carolina,state,7608,253,24
2020-04-24,North Carolina,state,8052,270,25
2020-04-25,North Carolina,state,8542,300,26
2020-04-26,North Carolina,state,8830,309,27
2020-04-27,North Carolina,state,9035,331,28
2020-04-28,North Carolina,state,9568,353,29
2020-04-29,North Carolina,state,9947,366,30
2020-04-30,North Carolina,state,10507,385,31
2020-05-01,North Carolina,state,10922,405,32
2020-05-02,North Carolina,state,11514,428,33
