date,location,location_type,cases_total,deaths_total,days_since_10_deaths
2020-03-28,Oklahoma,state,377,15,1
2020-03-29,Oklahoma,state,429,16,2
2020-03-30,Oklahoma,state,481,17,3
2020-03-31,Oklahoma,state,566,23,4
2020-04-01,Oklahoma,state,719,30,5
2020-04-02,Oklahoma,state,879,34,6
2020-04-03,Oklahoma,state,988,38,7
2020-04-04,Oklahoma,state,1159,42,8
2020-04-05,Oklahoma,state,1252,46,9
2020-04-06,Oklahoma,state,1327,51,10
2020-04-07,Oklahoma,state,1472,67,11
2020-04-08,Oklahoma,state,1524,79,12
2020-04-09,Oklahoma,state,1684,80,13
2020-04-10,Oklahoma,state,1794,88,14
2020-04-11,Oklahoma,state,1868,93,15
2020-04-12,Oklahoma,state,1970,96,16
2020-04-13,Oklahoma,state,2069,98,17
2020-04-14,Oklahoma,state,2184,109,18
2020-04-15,Oklahoma,state,2263,123,19
2020-04-16,Oklahoma,state,2357,131,20
2020-04-17,Oklahoma,state,2465,136,21
2020-04-18,Oklahoma,state,2570,139,22
2020-04-19,Oklahoma,state,2599,140,23
2020-04-20,Oklahoma,state,2680,143,24
2020-04-21,Oklahoma,state,2807,164,25
2020-04-22,Oklahoma,state,2894,169,26
2020-04-23,Oklahoma,state,3017,179,27
2020-04-24,Oklahoma,state,3121,188,28
2020-04-25,Oklahoma,state,3193,194,29
2020-04-26,Oklahoma,state,3253,195,30
2020-04-27,Oklahoma,state,3280,197,31
2020-04-28,Oklahoma,state,3410,207,32
2020-04-29,Oklahoma,state,3473,214,33
2020-04-30,Oklahoma,state,3618,222,34
2020-05-01,Oklahoma,state,3748,230,35
2020-05-02,Oklahoma,state,3851,238,36
