date,location,location_type,cases_total,deaths_total,days_since_10_deaths
2020-03-25,Oregon,state,266,10,1
2020-03-26,Oregon,state,316,11,2
2020-03-27,Oregon,state,414,12,3
2020-03-28,Oregon,state,479,13,4
2020-03-29,Oregon,state,548,13,5
2020-03-30,Oregon,state,606,16,6
2020-03-31,Oregon,state,690,18,7
2020-04-01,Oregon,state,736,19,8
2020-04-02,Oregon,state,826,21,9
2020-04-03,Oregon,state,899,22,10
2020-04-04,Oregon,state,999,26,11
2020-04-05,Oregon,state,1068,27,12
2020-04-06,Oregon,state,1132,29,13
2020-04-07,Oregon,state,1181,33,14
2020-04-08,Oregon,state,1239,38,15
2020-04-09,Oregon,state,1321,44,16
2020-04-10,Oregon,state,1371,48,17
2020-04-11,Oregon,state,1447,51,18
2020-04-12,Oregon,state,1527,52,19
2020-04-13,Oregon,state,1584,53,20
2020-04-14,Oregon,state,1633,55,21
2020-04-15,Oregon,state,1663,58,22
2020-04-16,Oregon,state,1736,64,23
2020-04-17,Oregon,state,1785,70,24
2020-04-18,Oregon,state,1844,72,25
2020-04-19,Oregon,state,1910,74,26
2020-04-20,Oregon,state,1956,75,27
2020-04-21,Oregon,state,2002,78,28
2020-04-22,Oregon,state,2059,78,29
2020-04-23,Oregon,state,2127,83,30
2020-04-24,Oregon,state,2177,86,31
2020-04-25,Oregon,state,2253,87,32
2020-04-26,Oregon,state,2311,91,33
2020-04-27,Oregon,state,2354,92,34
2020-04-28,Oregon,state,2385,99,35
2020-04-29,Oregon,state,2446,101,36
2020-04-30,Oregon,state,2510,103,37
2020-05-01,Oregon,state,2579,104,38
2020-05-02,Oregon,state,2635,109,39
