date,location,location_type,cases_total,deaths_total,days_since_10_deaths
2020-03-25,Pennsylvania,state,1151,11,1
2020-03-26,Pennsylvania,state,1690,16,2
2020-03-27,Pennsylvania,state,2218,23,3
2020-03-28,Pennsylvania,state,2815,35,4
2020-03-29,Pennsylvania,state,3441,40,5
2020-03-30,Pennsylvania,state,4156,48,6
2020-03-31,Pennsylvania,state,4997,72,7
2020-04-01,Pennsylvania,state,5805,74,8
2020-04-02,Pennsylvania,state,7016,90,9
2020-04-03,Pennsylvania,state,8420,102,10
2020-04-04,Pennsylvania,state,10109,139,11
2020-04-05,Pennsylvania,state,11589,159,12
2020-04-06,Pennsylvania,state,13074,169,13
2020-04-07,Pennsylvania,state,14582,240,14
2020-04-08,Pennsylvania,state,16414,313,15
2020-04-09,Pennsylvania,state,18379,344,16
2020-04-10,Pennsylvania,state,20128,435,17
2020-04-11,Pennsylvania,state,21774,515,18
2020-04-12,Pennsylvania,state,22955,525,19
2020-04-13,Pennsylvania,state,24295,563,20
2020-04-14,Pennsylvania,state,25591,746,21
2020-04-15,Pennsylvania,state,26804,833,22
2020-04-16,Pennsylvania,state,28314,864,23
2020-04-17,Pennsylvania,state,30121,1027,24
2020-04-18,Pennsylvania,state,31742,1150,25
2020-04-19,Pennsylvania,state,32992,1285,26
2020-04-20,Pennsylvania,state,34005,1366,27
2020-04-21,Pennsylvania,state,35384,1620,28
2020-04-22,Pennsylvania,state,36763,1720,29
2020-04-23,Pennsylvania,state,38334,1723,30
2020-04-24,Pennsylvania,state,40298,1786,31
2020-04-25,Pennsylvania,state,41626,1842,32
2020-04-26,Pennsylvania,state,42709,1871,33
2020-04-27,Pennsylvania,state,43728,1946,34
2020-04-28,Pennsylvania,state,45323,2092,35
2020-04-29,Pennsylvania,state,46191,2392,36
2020-04-30,Pennsylvania,state,48224,2575,37
2020-05-01,Pennsylvania,state,49764,2671,38
2020-05-02,Pennsylvania,state,51071,2794,39
