date,location,location_type,cases_total,deaths_total,days_since_10_deaths
2020-04-01,Puerto Rico,state,286,11,1
2020-04-02,Puerto Rico,state,316,12,2
2020-04-03,Puerto Rico,state,378,15,3
2020-04-04,Puerto Rico,state,452,18,4
2020-04-05,Puerto Rico,state,475,20,5
2020-04-06,Puerto Rico,state,513,21,6
2020-04-07,Puerto Rico,state,573,23,7
2020-04-08,Puerto Rico,state,620,24,8
2020-04-09,Puerto Rico,state,683,33,9
2020-04-10,Puerto Rico,state,725,39,10
2020-04-11,Puerto Rico,state,788,42,11
2020-04-12,Puerto Rico,state,897,44,12
2020-04-13,Puerto Rico,state,903,45,13
2020-04-14,Puerto Rico,state,923,45,14
2020-04-15,Puerto Rico,state,974,51,15
2020-04-16,Puerto Rico,state,1043,56,16
2020-04-17,Puerto Rico,state,1068,58,17
2020-04-18,Puerto Rico,state,1118,60,18
2020-04-19,Puerto Rico,state,1213,41,19
2020-04-20,Puerto Rico,state,1252,42,20
2020-04-21,Puerto Rico,state,915,43,21
2020-04-22,Puerto Rico,state,915,46,22
2020-04-23,Puerto Rico,state,1230,46,23
2020-04-24,Puerto Rico,state,1276,51,24
2020-04-25,Puerto Rico,state,1307,52,25
2020-04-26,Puerto Rico,state,1371,53,26
2020-04-27,Puerto Rico,state,1388,53,27
2020-04-28,Puerto Rico,state,1400,54,28
2020-04-29,Puerto Rico,state,1433,54,29
2020-04-30,Puerto Rico,state,1537,54,30
2020-05-01,Puerto Rico,state,1573,54,31
2020-05-02,Puerto Rico,state,1755,54,32
