date,location,location_type,cases_total,deaths_total,days_since_10_deaths
2020-04-01,Rhode Island,state,566,10,1
2020-04-02,Rhode Island,state,657,12,2
2020-04-03,Rhode Island,state,711,14,3
2020-04-04,Rhode Island,state,806,17,4
2020-04-05,Rhode Island,state,922,25,5
2020-04-06,Rhode Island,state,1082,27,6
2020-04-07,Rhode Island,state,1229,30,7
2020-04-08,Rhode Island,state,1450,35,8
2020-04-09,Rhode Island,state,1727,43,9
2020-04-10,Rhode Island,state,2015,49,10
2020-04-11,Rhode Island,state,2349,56,11
2020-04-12,Rhode Island,state,2665,63,12
2020-04-13,Rhode Island,state,2976,73,13
2020-04-14,Rhode Island,state,3251,80,14
2020-04-15,Rhode Island,state,3529,87,15
2020-04-16,Rhode Island,state,3838,105,16
2020-04-17,Rhode Island,state,4177,118,17
2020-04-18,Rhode Island,state,4491,137,18
2020-04-19,Rhode Island,state,4706,150,19
2020-04-20,Rhode Island,state,5090,155,20
2020-04-21,Rhode Island,state,5500,171,21
2020-04-22,Rhode Island,state,5841,181,22
2020-04-23,Rhode Island,state,6256,189,23
2020-04-24,Rhode Island,state,6699,202,24
2020-04-25,Rhode Island,state,7129,215,25
2020-04-26,Rhode Island,state,7439,226,26
2020-04-27,Rhode Island,state,7708,233,27
2020-04-28,Rhode Island,state,7926,239,28
2020-04-29,Rhode Island,state,8247,251,29
2020-04-30,Rhode Island,state,8621,266,30
2020-05-01,Rhode Island,state,8962,279,31
2020-05-02,Rhode Island,state,9289,296,32
