date,location,location_type,cases_total,deaths_total,days_since_10_deaths
2020-03-27,South Carolina,state,539,13,1
2020-03-28,South Carolina,state,660,15,2
2020-03-29,South Carolina,state,774,16,3
2020-03-30,South Carolina,state,925,18,4
2020-03-31,South Carolina,state,1083,22,5
2020-04-01,South Carolina,state,1293,26,6
2020-04-02,South Carolina,state,1554,31,7
2020-04-03,South Carolina,state,1700,34,8
2020-04-04,South Carolina,state,1917,40,9
2020-04-05,South Carolina,state,2049,44,10
2020-04-06,South Carolina,state,2232,48,11
2020-04-07,South Carolina,state,2417,51,12
2020-04-08,South Carolina,state,2552,63,13
2020-04-09,South Carolina,state,2792,67,14
2020-04-10,South Carolina,state,3065,72,15
2020-04-11,South Carolina,state,3207,80,16
2020-04-12,South Carolina,state,3319,82,17
2020-04-13,South Carolina,state,3439,87,18
2020-04-14,South Carolina,state,3553,97,19
2020-04-15,South Carolina,state,3656,107,20
2020-04-16,South Carolina,state,3931,109,21
2020-04-17,South Carolina,state,4086,116,22
2020-04-18,South Carolina,state,4246,119,23
2020-04-19,South Carolina,state,4377,120,24
2020-04-20,South Carolina,state,4439,124,25
2020-04-21,South Carolina,state,4608,135,26
2020-04-22,South Carolina,state,4761,140,27
2020-04-23,South Carolina,state,4917,150,28
2020-04-24,South Carolina,state,5070,157,29
2020-04-25,South Carolina,state,5253,166,30
2020-04-26,South Carolina,state,5490,174,31
2020-04-27,South Carolina,state,5613,177,32
2020-04-28,South Carolina,state,5735,192,33
2020-04-29,South Carolina,state,5881,232,34
2020-04-30,South Carolina,state,6095,244,35
2020-05-01,South Carolina,state,6258,256,36
2020-05-02,South Carolina,state,6489,267,37
