date,location,location_type,cases_total,deaths_total,days_since_10_deaths
2020-03-30,Tennessee,state,1721,13,1
2020-03-31,Tennessee,state,2049,13,2
2020-04-01,Tennessee,state,2690,23,3
2020-04-02,Tennessee,state,2869,32,4
2020-04-03,Tennessee,state,3032,36,5
2020-04-04,Tennessee,state,3265,47,6
2020-04-05,Tennessee,state,3538,50,7
2020-04-06,Tennessee,state,3753,65,8
2020-04-07,Tennessee,state,4010,72,9
2020-04-08,Tennessee,state,4246,83,10
2020-04-09,Tennessee,state,4456,95,11
2020-04-10,Tennessee,state,4793,104,12
2020-04-11,Tennessee,state,4983,107,13
2020-04-12,Tennessee,state,5144,107,14
2020-04-13,Tennessee,state,5483,114,15
2020-04-14,Tennessee,state,5654,123,16
2020-04-15,Tennessee,state,5878,137,17
2020-04-16,Tennessee,state,6090,144,18
2020-04-17,Tennessee,state,6438,150,19
2020-04-18,Tennessee,state,6637,152,20
2020-04-19,Tennessee,state,6845,156,21
2020-04-20,Tennessee,state,7015,162,22
2020-04-21,Tennessee,state,7341,167,23
2020-04-22,Tennessee,state,7704,177,24
2020-04-23,Tennessee,state,8230,180,25
2020-04-24,Tennessee,state,8679,180,26
2020-04-25,Tennessee,state,8977,187,27
2020-04-26,Tennessee,state,9493,190,28
2020-04-27,Tennessee,state,9796,192,29
2020-04-28,Tennessee,state,10031,198,30
2020-04-29,Tennessee,state,10312,204,31
2020-04-30,Tennessee,state,10562,208,32
2020-05-01,Tennessee,state,11853,214,33
2020-05-02,Tennessee,state,12445,219,34
