date,location,location_type,cases_total,deaths_total,days_since_10_deaths
2020-03-24,Texas,state,857,11,1
2020-03-25,Texas,state,1119,12,2
2020-03-26,Texas,state,1543,21,3
2020-03-27,Texas,state,1942,23,4
2020-03-28,Texas,state,2161,29,5
2020-03-29,Texas,state,2712,35,6
2020-03-30,Texas,state,3043,46,7
2020-03-31,Texas,state,3576,57,8
2020-04-01,Texas,state,4261,63,9
2020-04-02,Texas,state,4880,79,10
2020-04-03,Texas,state,5669,97,11
2020-04-04,Texas,state,6566,124,12
2020-04-05,Texas,state,7091,136,13
2020-04-06,Texas,state,8104,159,14
2020-04-07,Texas,state,8968,177,15
2020-04-08,Texas,state,9897,195,16
2020-04-09,Texas,state,11372,228,17
2020-04-10,Texas,state,12290,246,18
2020-04-11,Texas,state,13208,265,19
2020-04-12,Texas,state,13776,288,20
2020-04-13,Texas,state,14487,320,21
2020-04-14,Texas,state,15303,365,22
2020-04-15,Texas,state,16106,395,23
2020-04-16,Texas,state,16928,428,24
2020-04-17,Texas,state,18131,461,25
2020-04-18,Texas,state,18927,487,26
2020-04-19,Texas,state,19441,503,27
2020-04-20,Texas,state,20035,523,28
2020-04-21,Texas,state,20949,552,29
2020-04-22,Texas,state,21769,571,30
2020-04-23,Texas,state,22706,601,31
2020-04-24,Texas,state,23650,625,32
2020-04-25,Texas,state,24494,662,33
2020-04-26,Texas,state,25206,676,34
2020-04-27,Texas,state,25960,699,35
2020-04-28,Texas,state,26865,738,36
2020-04-29,Texas,state,27836,776,37
2020-04-30,Texas,state,29072,828,38
2020-05-01,Texas,state,30339,853,39
2020-05-02,Texas,state,31430,875,40
