date,location,location_type,cases_total,deaths_total,days_since_10_deaths
2020-04-06,Utah,state,1675,13,1
2020-04-07,Utah,state,1752,13,2
2020-04-08,Utah,state,1875,13,3
2020-04-09,Utah,state,1980,13,4
2020-04-10,Utah,state,2103,17,5
2020-04-11,Utah,state,2206,18,6
2020-04-12,Utah,state,2303,18,7
2020-04-13,Utah,state,2363,18,8
2020-04-14,Utah,state,2418,19,9
2020-04-15,Utah,state,2549,20,10
2020-04-16,Utah,state,2683,21,11
2020-04-17,Utah,state,2813,23,12
2020-04-18,Utah,state,2942,25,13
2020-04-19,Utah,state,3071,27,14
2020-04-20,Utah,state,3213,28,15
2020-04-21,Utah,state,3301,32,16
2020-04-22,Utah,state,3451,34,17
2020-04-23,Utah,state,3621,35,18
2020-04-24,Utah,state,3782,39,19
2020-04-25,Utah,state,3950,41,20
2020-04-26,Utah,state,4123,41,21
2020-04-27,Utah,state,4236,41,22
2020-04-28,Utah,state,4343,45,23
2020-04-29,Utah,state,4499,45,24
2020-04-30,Utah,state,4672,46,25
2020-05-01,Utah,state,4829,46,26
2020-05-02,Utah,state,4981,49,27
