date,location,location_type,cases_total,deaths_total,days_since_10_deaths
2020-03-27,Vermont,state,184,10,1
2020-03-28,Vermont,state,211,12,2
2020-03-29,Vermont,state,235,12,3
2020-03-30,Vermont,state,256,12,4
2020-03-31,Vermont,state,293,13,5
2020-04-01,Vermont,state,321,16,6
2020-04-02,Vermont,state,338,17,7
2020-04-03,Vermont,state,389,17,8
2020-04-04,Vermont,state,461,20,9
2020-04-05,Vermont,state,512,22,10
2020-04-06,Vermont,state,543,23,11
2020-04-07,Vermont,state,575,23,12
2020-04-08,Vermont,state,605,23,13
2020-04-09,Vermont,state,628,23,14
2020-04-10,Vermont,state,679,24,15
2020-04-11,Vermont,state,711,25,16
2020-04-12,Vermont,state,727,27,17
2020-04-13,Vermont,state,748,28,18
2020-04-14,Vermont,state,752,29,19
2020-04-15,Vermont,state,759,30,20
2020-04-16,Vermont,state,768,35,21
2020-04-17,Vermont,state,779,35,22
2020-04-18,Vermont,state,803,37,23
2020-04-19,Vermont,state,812,37,24
2020-04-20,Vermont,state,816,38,25
2020-04-21,Vermont,state,818,40,26
2020-04-22,Vermont,state,823,40,27
2020-04-23,Vermont,state,825,43,28
2020-04-24,Vermont,state,827,44,29
2020-04-25,Vermont,state,843,46,30
2020-04-26,Vermont,state,851,46,31
2020-04-27,Vermont,state,855,47,32
2020-04-28,Vermont,state,862,47,33
2020-04-29,Vermont,state,862,47,34
2020-04-30,Vermont,state,866,49,35
2020-05-01,Vermont,state,879,50,36
2020-05-02,Vermont,state,886,51,37
