date,location,location_type,cases_total,deaths_total,days_since_10_deaths
2020-03-26,Virginia,state,604,14,1
2020-03-27,Virginia,state,606,14,2
2020-03-28,Virginia,state,740,17,3
2020-03-29,Virginia,state,890,22,4
2020-03-30,Virginia,state,1021,26,5
2020-03-31,Virginia,state,1250,27,6
2020-04-01,Virginia,state,1511,34,7
2020-04-02,Virginia,state,1706,41,8
2020-04-03,Virginia,state,2012,46,9
2020-04-04,Virginia,state,2407,52,10
2020-04-05,Virginia,state,2637,52,11
2020-04-06,Virginia,state,2878,54,12
2020-04-07,Virginia,state,3333,69,13
2020-04-08,Virginia,state,3645,75,14
2020-04-09,Virginia,state,4042,109,15
2020-04-10,Virginia,state,4509,121,16
2020-04-11,Virginia,state,5077,130,17
2020-04-12,Virginia,state,5274,141,18
2020-04-13,Virginia,state,5747,149,19
2020-04-14,Virginia,state,6171,154,20
2020-04-15,Virginia,state,6500,195,21
2020-04-16,Virginia,state,6889,208,22
2020-04-17,Virginia,state,7491,238,23
2020-04-18,Virginia,state,8053,258,24
2020-04-19,Virginia,state,8537,277,25
2020-04-20,Virginia,state,8990,300,26
2020-04-21,Virginia,state,9630,325,27
2020-04-22,Virginia,state,10266,349,28
2020-04-23,Virginia,state,11000,375,29
2020-04-24,Virginia,state,11596,413,30
2020-04-25,Virginia,state,12366,436,31
2020-04-26,Virginia,state,12970,448,32
2020-04-27,Virginia,state,13535,458,33
2020-04-28,Virginia,state,14339,492,34
2020-04-29,Virginia,state,14961,522,35
2020-04-30,Virginia,state,15846,552,36
2020-05-01,Virginia,state,16901,581,37
2020-05-02,Virginia,state,17731,616,38
