date,location,location_type,cases_total,deaths_total,days_since_10_deaths
2020-03-03,Washington,state,32,10,1
2020-03-04,Washington,state,47,11,2
2020-03-05,Washington,state,75,11,3
2020-03-06,Washington,state,86,12,4
2020-03-07,Washington,state,110,16,5
2020-03-08,Washington,state,141,19,6
2020-03-09,Washington,state,179,22,7
2020-03-10,Washington,state,279,24,8
2020-03-11,Washington,state,338,29,9
2020-03-12,Washington,state,419,32,10
2020-03-13,Washington,state,511,37,11
2020-03-14,Washington,state,609,40,12
2020-03-15,Washington,state,675,42,13
2020-03-16,Washington,state,794,48,14
2020-03-17,Washington,state,908,54,15
2020-03-18,Washington,state,1026,68,16
2020-03-19,Washington,state,1228,75,17
2020-03-20,Washington,state,1404,83,18
2020-03-21,Washington,state,1655,95,19
2020-03-22,Washington,state,1844,97,20
2020-03-23,Washington,state,2101,110,21
2020-03-24,Washington,state,2469,123,22
2020-03-25,Washington,state,2585,130,23
2020-03-26,Washington,state,3208,151,24
2020-03-27,Washington,state,3770,177,25
2020-03-28,Washington,state,4311,191,26
2020-03-29,Washington,state,4896,207,27
2020-03-30,Washington,state,5179,221,28
2020-03-31,Washington,state,5292,226,29
2020-04-01,Washington,state,5588,249,30
2020-04-02,Washington,state,6585,272,31
2020-04-03,Washington,state,6966,293,32
2020-04-04,Washington,state,7498,318,33
2020-04-05,Washington,state,7984,344,34
2020-04-06,Washington,state,8384,383,35
2020-04-07,Washington,state,8682,409,36
2020-04-08,Washington,state,9097,430,37
2020-04-09,Washington,state,9608,456,38
2020-04-10,Washington,state,9887,483,39
2020-04-11,Washington,state,10224,498,40
2020-04-12,Washington,state,10411,511,41
2020-04-13,Washington,state,10538,525,42
2020-04-14,Washington,state,10694,552,43
2020-04-15,Washington,state,10783,572,44
2020-04-16,Washington,state,11152,588,45
2020-04-17,Washington,state,11445,610,46
2020-04-18,Washington,state,11802,629,47
2020-04-19,Washington,state,11805,637,48
2020-04-20,Washington,state,12191,661,49
2020-04-21,Washington,state,12345,683,50
2020-04-22,Washington,state,12539,696,51
2020-04-23,Washington,state,12906,717,52
2020-04-24,Washington,state,13120,731,53
2020-04-25,Washington,state,13484,743,54
2020-04-26,Washington,state,13663,757,55
2020-04-27,Washington,state,13864,771,56
2020-04-28,Washington,state,14059,792,57
2020-04-29,Washington,state,14378,805,58
2020-04-30,Washington,state,14696,822,59
2020-05-01,Washington,state,15010,829,60
2020-05-02,Washington,state,15253,833,61
