date,location,location_type,cases_total,deaths_total,days_since_10_deaths
2020-04-14,West Virginia,state,697,10,1
2020-04-15,West Virginia,state,725,12,2
2020-04-16,West Virginia,state,739,13,3
2020-04-17,West Virginia,state,776,16,4
2020-04-18,West Virginia,state,825,18,5
2020-04-19,West Virginia,state,890,20,6
2020-04-20,West Virginia,state,908,26,7
2020-04-21,West Virginia,state,929,26,8
2020-04-22,West Virginia,state,939,29,9
2020-04-23,West Virginia,state,981,31,10
2020-04-24,West Virginia,state,1010,32,11
2020-04-25,West Virginia,state,1025,33,12
2020-04-26,West Virginia,state,1053,34,13
2020-04-27,West Virginia,state,1077,37,14
2020-04-28,West Virginia,state,1095,38,15
2020-04-29,West Virginia,state,1109,40,16
2020-04-30,West Virginia,state,1125,44,17
2020-05-01,West Virginia,state,1151,47,18
2020-05-02,West Virginia,state,1184,50,19
