date,location,location_type,cases_total,deaths_total,days_since_10_deaths
2020-03-26,Wisconsin,state,754,10,1
2020-03-27,Wisconsin,state,930,16,2
2020-03-28,Wisconsin,state,1042,17,3
2020-03-29,Wisconsin,state,1120,17,4
2020-03-30,Wisconsin,state,1267,20,5
2020-03-31,Wisconsin,state,1351,25,6
2020-04-01,Wisconsin,state,1550,33,7
2020-04-02,Wisconsin,state,1730,37,8
2020-04-03,Wisconsin,state,1916,49,9
2020-04-04,Wisconsin,state,2112,60,10
2020-04-05,Wisconsin,state,2267,73,11
2020-04-06,Wisconsin,state,2440,83,12
2020-04-07,Wisconsin,state,2578,94,13
2020-04-08,Wisconsin,state,2756,107,14
2020-04-09,Wisconsin,state,2885,116,15
2020-04-10,Wisconsin,state,3068,131,16
2020-04-11,Wisconsin,state,3213,141,17
2020-04-12,Wisconsin,state,3341,145,18
2020-04-13,Wisconsin,state,3428,155,19
2020-04-14,Wisconsin,state,3555,172,20
2020-04-15,Wisconsin,state,3721,184,21
2020-04-16,Wisconsin,state,3875,197,22
2020-04-17,Wisconsin,state,4045,205,23
2020-04-18,Wisconsin,state,4199,212,24
2020-04-19,Wisconsin,state,4346,222,25
2020-04-20,Wisconsin,state,4499,231,26
2020-04-21,Wisconsin,state,4620,243,27
2020-04-22,Wisconsin,state,4845,247,28
2020-04-23,Wisconsin,state,5052,257,29
2020-04-24,Wisconsin,state,5356,262,30
2020-04-25,Wisconsin,state,5687,266,31
2020-04-26,Wisconsin,state,5911,274,32
2020-04-27,Wisconsin,state,6081,281,33
2020-04-28,Wisconsin,state,6289,300,34
2020-04-29,Wisconsin,state,6520,308,35
2020-04-30,Wisconsin,state,6854,316,36
2020-05-01,Wisconsin,state,7314,327,37
2020-05-02,Wisconsin,state,7660,334,38
